"country","COD","year","health","chagas","hantavirus","cutaneous_leishmaniasis","visceral_leishmaniasis","rickettsia","malaria","zoonotic","n_zoo","fire_related","n_fire","acute","n_acute","chronic","n_chronic","respiratory","n_resp","cardiovascular","n_card","pop","IDH","for_PLAND","for_PD","for_ED","for_AI","savanna_PLAND","notforest_PLAND","FS_PLAND","tot_IT","NOTackn_IT","acknlgd_IT","FS_noIT","habitat_noIT","pm25_SUM","fire_MIN","fire_MAX","fire_MEAN","fire_COUNT","fire_SUM"
"Ecuador","EC010150",2015,2230,0,NA,0,0,0,0,0,5,2230,13,1906,8,324,5,1953,10,277,3,357873.72958374,0.765,0.2173,0.1576,0.7653,75.9868,0,7.8098,0.2173,0,0,0,0.2173,8.0271,440099647,0,0,0,67,0
"Ecuador","EC010150",2016,2603,0,NA,0,0,0,2,2,5,2601,13,2244,8,357,5,2289,10,312,3,363167.379269409,0.762,0.2199,0.1576,0.7695,75.974,0,7.6281,0.2199,0,0,0,0.2199,7.848,452710974,0,0,0,67,0
"Ecuador","EC010350",2015,170,0,NA,0,0,0,0,0,5,170,13,146,8,24,5,166,10,4,3,22607.0182189941,0.765,2.8304,1.0552,10.4389,69.4611,0,15.1441,2.8304,0,0,0,2.8304,17.9745,269915711,0,0,0,37,0
"Ecuador","EC010350",2016,189,0,NA,0,0,0,0,0,5,189,13,150,8,39,5,186,10,3,3,22941.4200302124,0.762,2.8445,1.0786,10.4018,69.4894,0,15.1911,2.8445,0,0,0,2.8445,18.0356,277656298.5,0,0,0,37,0
"Ecuador","EC010350",2019,202,0,NA,0,0,0,0,0,5,202,13,139,8,63,5,200,10,2,3,23944.6254638671,0.76,3.6979,1.3835,13.3122,70.1239,0,13.3199,3.6979,0,0,0,3.6979,17.0178,274279840.5,0,0,0,37,0
"Ecuador","EC010550",2015,218,0,NA,0,0,0,0,0,5,218,13,183,8,35,5,215,10,3,3,11409.7610168457,0.765,8.3266,1.3679,15.3825,85.2312,0,21.6179,8.3266,0,0,0,8.3266,29.9445,326498901.5,0,0,0,43,0
"Ecuador","EC010550",2016,222,0,NA,0,0,0,0,0,5,222,13,154,8,68,5,214,10,8,3,11578.5336502075,0.762,8.1875,1.3484,14.8751,85.4886,0,21.7982,8.1875,0,0,0,8.1875,29.9857,335973935,0,0,0,43,0
"Ecuador","EC010550",2019,88,0,NA,0,0,0,0,0,5,88,13,19,8,69,5,82,10,6,3,12084.8515502929,0.76,8.4814,1.5438,16.2921,84.7643,0,22.9659,8.4814,0,0,0,8.4814,31.4473,331945049.5,0,0,0,43,0
"Ecuador","EC010950",2015,128,0,NA,0,0,0,0,0,5,128,13,108,8,20,5,126,10,2,3,12648.9675524234,0.765,19.4207,1.3111,30.3955,87.6191,0,54.2989,19.4207,0,0,0,19.4207,73.7196,873524865.5,0,0,0,129,0
"Ecuador","EC010950",2016,127,0,NA,0,0,0,0,0,5,127,13,104,8,23,5,126,10,1,3,12836.070412445,0.762,19.0468,1.3247,29.9933,87.6108,0,54.4556,19.0468,0,0,0,19.0468,73.5024,898066222,0,0,0,129,0
"Ecuador","EC010950",2019,181,0,NA,0,0,0,0,0,5,181,13,146,8,35,5,179,10,2,3,13397.3789925098,0.76,19.4595,1.5828,31.4796,87.2775,0,55.9737,19.4595,0,0,0,19.4595,75.4332,887246907,0,0,0,129,0
"Ecuador","EC011350",2015,1,0,NA,0,0,0,0,0,5,1,13,1,8,0,5,0,10,1,3,2599.83823490142,0.765,49.7371,2.3898,51.7448,91.9126,0,18.6586,49.7371,0,0,0,49.7371,68.3957,404421104.5,0,0,0,56,0
"Ecuador","EC011350",2016,1,0,NA,0,0,0,0,0,5,1,13,1,8,0,5,1,10,0,3,2638.29490642547,0.762,49.3637,2.4208,52.4474,91.7608,0,19.3836,49.3637,0,0,0,49.3637,68.7473,416035788.5,0,0,0,56,0
"Ecuador","EC030150",2015,752,0,NA,0,0,0,1,1,5,751,13,662,8,89,5,739,10,12,3,42305.2635803222,0.765,4.1006,2.7437,19.2892,63.0311,0,10.1131,4.1006,0,0,0,4.1006,14.2137,350309672.5,0,0,0,48,0
"Ecuador","EC030150",2016,1046,0,NA,0,0,0,0,0,5,1046,13,928,8,118,5,1034,10,12,3,42931.0407608032,0.762,4.0361,2.7268,19.0157,62.951,0,9.9433,4.0361,0,0,0,4.0361,13.9794,360571687.5,0,0,0,48,0
"Ecuador","EC030150",2019,309,0,NA,0,0,0,1,1,5,308,13,189,8,119,5,295,10,13,3,44808.372302246,0.76,4.0157,2.6759,19.0104,62.8022,0,11.2983,4.0157,0,0,0,4.0157,15.314,356198318.5,0,0,0,48,0
"Ecuador","EC050150",2015,6,0,NA,0,0,0,0,0,5,6,13,6,8,0,5,6,10,0,3,113382.8654356,0.765,0.1051,0.053,0.3512,75,0,35.8112,0.1051,0,0,0,0.1051,35.9163,1573857696,0,1,0.004366812227074,229,1
"Ecuador","EC050150",2016,705,0,NA,0,0,0,0,0,5,705,13,521,8,184,5,692,10,13,3,115060.019004059,0.762,0.1321,0.0606,0.483,72.4924,0,35.4693,0.1321,0,0,0,0.1321,35.6014,1623093153,0,0,0,229,0
"Ecuador","EC050151",2015,6,0,NA,0,0,0,0,0,5,6,13,4,8,2,5,5,10,1,3,6006.1591784954,0.765,0.0618,0.0813,0.3259,58.0247,0,57.44,0.0618,0,0,0,0.0618,57.5018,833592827,0,0,0,134,0
"Ecuador","EC050450",2015,190,0,NA,0,0,0,0,0,5,190,13,179,8,11,5,190,10,0,3,35176.407834053,0.765,0.0323,0.0711,0.2441,42.4837,0,24.263,0.0323,23.2345,23.2345,0,-23.2022,1.0608,1498812739.5,0,0,0,234,0
"Ecuador","EC050450",2016,153,0,NA,0,0,0,0,0,5,153,13,148,8,5,5,153,10,0,3,35696.7354703903,0.762,0.0739,0.0861,0.4633,53.4247,0,24.0514,0.0739,23.2345,23.2345,0,-23.1606,0.890799999999999,1546343315.5,0,0,0,234,0
"Ecuador","EC050450",2019,80,0,NA,0,0,0,0,0,5,80,13,62,8,18,5,80,10,0,3,37257.7183794021,0.76,0.1343,0.1572,0.8129,53.6873,0,24.0278,0.1343,23.2345,23.2345,0,-23.1002,0.927599999999998,1537073361.5,0,0,0,234,0
"Ecuador","EC050550",2015,90,0,NA,0,0,0,1,1,5,89,13,70,8,19,5,89,10,0,3,32895.580833435,0.765,0.3172,0.3331,1.4747,57.1429,0,28.6998,0.3172,0,0,0,0.3172,29.017,1048456442,0,0,0,159,0
"Ecuador","EC050550",2016,107,0,NA,0,0,0,0,0,5,107,13,92,8,15,5,106,10,1,3,33382.170636177,0.762,0.3211,0.3497,1.4888,56.8326,0,28.6214,0.3211,0,0,0,0.3211,28.9425,1081240058,0,0,0,159,0
"Ecuador","EC050550",2019,105,0,NA,0,0,0,0,0,5,105,13,70,8,35,5,103,10,2,3,34841.940044403,0.76,0.3651,0.4552,1.8544,54.7619,0,28.2535,0.3651,0,0,0,0.3651,28.6186,1076110437.5,0,0,0,159,0
"Ecuador","EC060150",2016,1434,0,NA,0,0,0,0,0,5,1434,13,1219,8,215,5,1420,10,14,3,179512.749771117,0.762,0.0016,0.016,0.0203,0,0,9.9387,0.0016,0,0,0,0.0016,9.9403,377051926.5,0,0,0,53,0
"Ecuador","EC060150",2019,17,0,NA,0,0,0,0,0,5,17,13,15,8,2,5,16,10,1,3,187362.663955688,0.76,0,0,0,0,0,10.5291,0,0,0,0,0,10.5291,373639701,0,0,0,53,0
"Ecuador","EC060151",2016,588,0,NA,0,0,0,2,2,5,586,13,462,8,124,5,539,10,47,3,3443.3199356079,0.762,0,0,0,0,0,16.5713,0,0,0,0,0,16.5713,155056705,0,0,0,22,0
"Ecuador","EC060155",2015,56,0,NA,0,0,0,0,0,5,56,13,29,8,27,5,53,10,3,3,4999.57335281372,0.765,0,0,0,0,0,9.2553,0,0,0,0,0,9.2553,143007666.5,0,0,0,19,0
"Ecuador","EC060350",2015,81,0,NA,0,0,0,0,0,5,81,13,74,8,7,5,81,10,0,3,19969.787317276,0.765,0.0895,0.1245,0.5224,58.3596,0,33.8034,0.0895,29.0435,29.0435,0,-28.954,4.8494,1110950275.5,0,0,0,172,0
"Ecuador","EC060350",2016,134,0,NA,0,0,0,0,0,5,134,13,131,8,3,5,134,10,0,3,20265.1793937683,0.762,0.1071,0.1505,0.6472,56.1358,0,33.3087,0.1071,29.0435,29.0435,0,-28.9364,4.3723,1146780282.5,0,0,0,172,0
"Ecuador","EC060350",2019,75,0,NA,0,0,0,1,1,5,74,13,65,8,9,5,74,10,0,3,21151.3556232452,0.76,0.0978,0.1297,0.5897,56.3218,0,32.5613,0.0978,29.0435,29.0435,0,-28.9457,3.6156,1135185385,0,0,0,172,0
"Ecuador","EC060650",2015,45,0,NA,0,0,0,0,0,5,45,13,43,8,2,5,45,10,0,3,28965.5243749618,0.765,0.0152,0.0274,0.1016,52.8302,0,38.0995,0.0152,28.9348,28.9348,0,-28.9196,9.1799,2464173767.5,0,0,0,348,0
"Ecuador","EC060650",2016,103,0,NA,0,0,0,0,0,5,103,13,99,8,4,5,103,10,0,3,29393.9809082031,0.762,0.0763,0.0373,0.2639,76.9497,0,38.2119,0.0763,28.9348,28.9348,0,-28.8585,9.3534,2542072901.5,0,0,0,348,0
"Ecuador","EC060650",2019,62,0,NA,0,0,0,0,0,5,62,13,57,8,5,5,62,10,0,3,30679.3505079269,0.76,0.1312,0.0323,0.2765,87.0775,0,38.1573,0.1312,28.9348,28.9348,0,-28.8036,9.3537,2515259521,0,0,0,348,0
"Ecuador","EC110150",2015,1352,0,NA,0,0,0,1,1,5,1351,13,1103,8,248,5,1266,10,85,3,201628.733442306,0.765,25.2058,1.1721,22.567,92.931,0,7.967,25.2058,0,0,0,25.2058,33.1728,1485648954.5,0,0,0,249,0
"Ecuador","EC110150",2016,1440,0,NA,0,0,0,0,0,5,1440,13,1166,8,274,5,1335,10,105,3,204611.215234374,0.762,25.3454,1.1301,22.4119,93.0166,0,8.3542,25.3454,0,0,0,25.3454,33.6996,1524269305.5,0,0,0,249,0
"Ecuador","EC110650",2015,58,0,NA,0,0,0,0,0,5,58,13,51,8,7,5,57,10,1,3,3738.34499263763,0.765,0,0,0,0,0,0.2672,0,23.3299,0,23.3299,-23.3299,-23.0627,602698639.5,0,0,0,104,0
"Ecuador","EC110650",2016,73,0,NA,0,0,0,0,0,5,73,13,71,8,2,5,72,10,1,3,3793.64240303039,0.762,0,0,0,0,0,0.2689,0,23.3299,0,23.3299,-23.3299,-23.061,618155199,0,0,0,104,0
"Ecuador","EC110650",2019,60,0,NA,0,0,0,0,0,5,60,13,58,8,2,5,59,10,1,3,3959.53463420868,0.76,0,0,0,0,0,0.2689,0,23.3299,0,23.3299,-23.3299,-23.061,606211179,0,0,0,104,0
"Ecuador","EC140150",2015,267,0,NA,0,0,0,0,0,5,267,13,210,8,57,5,263,10,4,3,19706.4650878906,0.765,43.1097,1.8681,53.3945,90.0923,0,0,43.1097,26.0584,26.0584,0,17.0513,17.0513,373224875.5,0,0,0,46,0
"Ecuador","EC140150",2016,458,0,NA,3,2,0,0,5,5,453,13,387,8,66,5,450,10,3,3,19997.9621076584,0.762,43.1659,1.7186,52.4126,90.2712,0,0,43.1659,26.0584,26.0584,0,17.1075,17.1075,383818897.5,0,0,0,46,0
"Ecuador","EC140150",2019,243,0,NA,2,0,0,11,13,5,230,13,186,8,44,5,218,10,12,3,20872.4531669616,0.76,45.6999,2.1296,54.2403,90.4597,0,0,45.6999,26.0584,26.0584,0,19.6415,19.6415,380859890,0,0,0,46,0
"Ecuador","EC140250",2015,52,0,NA,0,0,0,4,4,5,48,13,32,8,16,5,47,10,1,3,10333.8169045448,0.765,66.6007,1.2768,65.0002,92.2589,0,0.0313,66.6007,68.1945,0,68.1945,-1.5938,-1.5625,2437793545,0,0,0,339,0
"Ecuador","EC140250",2016,58,0,NA,0,0,0,0,0,5,58,13,26,8,32,5,54,10,4,3,10486.6741813659,0.762,65.7485,1.2637,65.4111,92.1085,0,0.0355,65.7485,68.1945,0,68.1945,-2.446,-2.4105,2504406249.5,0,0,0,339,0
"Ecuador","EC140350",2015,148,0,NA,0,0,0,0,0,5,148,13,117,8,31,5,146,10,2,3,4348.59582066535,0.765,71.1941,0.9441,43.2375,95.0793,0,12.6668,71.1941,29.4154,0,29.4154,41.7787,54.4455,1889305882.5,0,0,0,255,0
"Ecuador","EC140350",2016,286,0,NA,0,0,0,0,0,5,286,13,258,8,28,5,283,10,3,3,4412.92003388404,0.762,70.6486,0.9681,43.5755,95.008,0,13.0733,70.6486,29.4154,0,29.4154,41.2332,54.3065,1942348174.5,0,0,0,255,0
"Ecuador","EC140350",2019,233,0,NA,0,0,0,0,0,5,233,13,183,8,50,5,232,10,1,3,4605.89267354011,0.76,70.4782,1.0848,45.6592,94.7723,0,13.0743,70.4782,29.4154,0,29.4154,41.0628,54.1371,1920627452.5,0,0,0,255,0
"Ecuador","EC140550",2015,193,0,NA,0,0,0,0,0,5,193,13,169,8,24,5,192,10,1,3,3503.17155766487,0.765,77.7943,0.8372,40.1169,95.9288,0,1.6339,77.7943,11.9474,0.0522,11.8952,65.8469,67.4808,2035666194.5,0,0,0,259,0
"Ecuador","EC140550",2016,249,0,NA,0,0,0,0,0,5,249,13,243,8,6,5,249,10,0,3,3554.99029216766,0.762,76.6373,0.9206,42.1869,95.6556,0,2.0419,76.6373,11.9474,0.0522,11.8952,64.6899,66.7318,2094103891,0,0,0,259,0
"Ecuador","EC140550",2019,254,0,NA,0,0,0,1,1,5,253,13,244,8,9,5,253,10,0,3,3710.44649567604,0.76,76.8848,0.9306,43.3317,95.5489,0,1.8894,76.8848,11.9474,0.0522,11.8952,64.9374,66.8268,2073227626,0,0,0,259,0
"Ecuador","EC140650",2015,342,0,NA,0,0,0,1,1,5,341,13,308,8,33,5,338,10,3,3,14182.6039065122,0.765,69.1833,1.0217,38.8584,95.4146,0,0.1985,69.1833,34.556,0.9385,33.6175,34.6273,34.8258,3230795258,0,0,0,412,0
"Ecuador","EC140650",2016,329,0,NA,1,0,0,2,3,5,326,13,295,8,31,5,324,10,2,3,14392.3922973394,0.762,68.6028,1.0471,38.9248,95.3735,0,0.2314,68.6028,34.556,0.9385,33.6175,34.0468,34.2782,3321751628.5,0,0,0,412,0
"Ecuador","EC140650",2019,379,0,NA,1,0,0,4,5,5,374,13,361,8,13,5,373,10,1,3,15021.7574698209,0.76,69.0652,1.0196,39.6718,95.3181,0,0.1885,69.0652,34.556,0.9385,33.6175,34.5092,34.6977,3293582878,0,0,0,412,0
"Ecuador","EC140950",2015,113,0,NA,2,4,0,4,10,5,103,13,101,8,2,5,103,10,0,3,6804.04670727252,0.765,93.5895,0.1771,18.4453,98.3739,0,0.027,93.5895,69.568,0,69.568,24.0215,24.0485,13555867353,0,0,0,1507,0
"Ecuador","EC140950",2016,87,0,NA,1,0,0,11,12,5,75,13,73,8,2,5,75,10,0,3,6904.69182077645,0.762,93.4732,0.1985,19.3348,98.2962,0,0.0502,93.4732,69.568,0,69.568,23.9052,23.9554,13909495696,0,0,0,1507,0
"Ecuador","EC140950",2019,189,0,NA,2,0,0,0,2,5,187,13,179,8,8,5,186,10,1,3,7206.62716128826,0.76,93.3271,0.198,19.9397,98.2424,0,0.0292,93.3271,69.568,0,69.568,23.7591,23.7883,13836360644,0,0,0,1507,0
"Ecuador","EC150150",2015,266,0,NA,4,4,0,0,8,5,258,13,226,8,32,5,249,10,9,3,30881.2952270507,0.765,25.7667,3.2674,55.9188,82.4474,0,0,25.7667,28.9886,0,28.9886,-3.2219,-3.2219,546534130,0,0,0,69,0
"Ecuador","EC150150",2016,263,0,NA,0,0,0,0,0,5,263,13,247,8,16,5,260,10,3,3,31338.0897628783,0.762,26.6637,2.9784,53.7064,83.6803,0,0,26.6637,28.9886,0,28.9886,-2.3249,-2.3249,561811985,0,0,0,69,0
"Ecuador","EC150150",2019,165,0,NA,0,0,0,0,0,5,165,13,129,8,36,5,162,10,3,3,32708.4733703613,0.76,27.9652,3.0287,56.2173,83.7597,0,0,27.9652,28.9886,0,28.9886,-1.0234,-1.0234,561763417,0,0,0,69,0
"Ecuador","EC150350",2015,47,0,NA,0,0,0,0,0,5,47,13,37,8,10,5,46,10,1,3,13890.2683226168,0.765,34.3819,0.4808,13.3154,96.773,0,59.2669,34.3819,3.9436,0,3.9436,30.4383,89.7052,6092311703.5,0,1,0.004807692307692,832,4
"Ecuador","EC150350",2016,86,0,NA,0,0,0,0,0,5,86,13,79,8,7,5,86,10,0,3,14095.7324554086,0.762,34.67,0.4745,13.9273,96.664,0,58.9162,34.67,3.9436,0,3.9436,30.7264,89.6426,6271663152,0,0,0,832,0
"Ecuador","EC150450",2015,50,0,NA,0,0,0,0,0,5,50,13,46,8,4,5,50,10,0,3,4723.47753584384,0.765,76.3868,1.0804,40.1465,95.541,0,0.1325,76.3868,0,0,0,76.3868,76.5193,489220710,0,0,0,60,0
"Ecuador","EC150450",2016,13,0,NA,0,0,0,0,0,5,13,13,13,8,0,5,13,10,0,3,4793.34696710109,0.762,76.6903,1.0662,39.4353,95.6353,0,0.1325,76.6903,0,0,0,76.6903,76.8228,502394919.5,0,0,0,60,0
"Ecuador","EC150750",2015,25,0,NA,0,0,0,0,0,5,25,13,19,8,6,5,24,10,1,3,1867.6735830307,0.765,71.6644,0.9775,41.0566,95.4441,0,8.8387,71.6644,0,0,0,71.6644,80.5031,1166699287.5,0,0,0,151,0
"Ecuador","EC150750",2016,53,0,NA,0,0,0,0,0,5,53,13,43,8,10,5,51,10,2,3,1895.30011802912,0.762,71.6806,1.012,41.073,95.4451,0,8.8969,71.6806,0,0,0,71.6806,80.5775,1199386770,0,0,0,151,0
"Ecuador","EC150750",2019,22,0,NA,0,0,0,0,0,5,22,13,18,8,4,5,21,10,1,3,1978.17972302436,0.76,70.3892,1.1328,41.448,95.3101,0,8.9062,70.3892,0,0,0,70.3892,79.2954,1201586471.5,0,0,0,151,0
"Ecuador","EC160150",2015,466,0,NA,3,6,0,10,19,5,447,13,397,8,50,5,436,10,11,3,41577.8872575759,0.765,31.376,2.2602,54.097,85.6569,0,0,31.376,3.7234,0,3.7234,27.6526,27.6526,610292566,0,0,0,76,0
"Ecuador","EC160150",2016,532,0,NA,1,0,0,19,20,5,512,13,455,8,57,5,500,10,12,3,42192.9053113937,0.762,33.0228,2.089,54.0536,86.3814,0,0,33.0228,3.7234,0,3.7234,29.2994,29.2994,627917550,0,0,0,76,0
"Ecuador","EC160150",2019,432,0,NA,2,0,0,14,16,5,416,13,372,8,44,5,410,10,6,3,44037.9594728469,0.76,33.4016,2.2031,53.1573,86.7724,0,0,33.4016,3.7234,0,3.7234,29.6782,29.6782,625684891.5,0,0,0,76,0
"Ecuador","EC180150",2015,20,0,NA,0,0,0,0,0,5,20,13,19,8,1,5,19,10,1,3,200764.19555664,0.765,0.0643,0.0855,0.3857,59.1837,0,7.7843,0.0643,0,0,0,0.0643,7.8486,272360722,0,0,0,40,0
"Ecuador","EC180150",2016,1264,0,NA,1,2,0,2,5,5,1259,13,971,8,288,5,1194,10,65,3,203733.889611816,0.762,0.075,0.1069,0.4669,56.8966,0,7.9278,0.075,0,0,0,0.075,8.0028,280976264.5,0,0,0,40,0
"Ecuador","EC180156",2015,15,0,NA,0,0,0,0,0,5,15,13,15,8,0,5,15,10,0,3,21728.3128204345,0.765,0.2073,0.4825,1.1568,53.8462,0,11.1023,0.2073,0,0,0,0.2073,11.3096,164621013,0,0,0,23,0
"Ecuador","EC180156",2019,29,0,NA,0,0,0,0,0,5,29,13,29,8,0,5,29,10,0,3,23013.9292877197,0.76,0.0587,0.2413,0.4038,48,0,11.7657,0.0587,0,0,0,0.0587,11.8244,168798620.5,0,0,0,23,0
"Ecuador","EC180163",2015,15,0,NA,0,0,0,0,0,5,15,13,15,8,0,5,15,10,0,3,10245.0817451477,0.765,1.1925,1.2391,4.5249,64.0152,0,27.5611,1.1925,0,0,0,1.1925,28.7536,80654905.5,0,0,0,12,0
"Ecuador","EC180163",2016,14,0,NA,0,0,0,0,0,5,14,13,14,8,0,5,12,10,2,3,10396.6264541626,0.762,0.8861,0.9913,4.2633,56.4767,0,27.6522,0.8861,0,0,0,0.8861,28.5383,83212648.5,0,0,0,12,0
"Ecuador","EC180163",2019,8,0,NA,0,0,0,0,0,5,8,13,8,8,0,5,8,10,0,3,10851.2605812072,0.76,1.4741,0.9913,6.408,60.1824,0,27.8095,1.4741,0,0,0,1.4741,29.2836,82682238,0,0,0,12,0
"Ecuador","EC180250",2016,43,0,NA,0,0,0,1,1,5,42,13,26,8,16,5,41,10,1,3,16385.5614693641,0.762,42.504,1.8243,52.45,90.2985,0,16.0313,42.504,0,0,0,42.504,58.5353,592880148.5,0,1,0.01219512195122,82,1
"Ecuador","EC180250",2019,146,0,NA,0,0,0,0,0,5,146,13,103,8,43,5,144,10,2,3,17102.0859195709,0.76,38.7267,2.1848,51.4366,89.5117,0,16.6939,38.7267,0,0,0,38.7267,55.4206,589246728.5,0,0,0,82,0
"Ecuador","EC180750",2015,66,0,NA,0,0,0,0,0,5,66,13,58,8,8,5,64,10,2,3,26598.0565719604,0.765,3.9174,0.2297,4.3031,91.3335,0,16.2332,3.9174,0,0,0,3.9174,20.1506,335295709,0,0,0,45,0
"Ecuador","EC180750",2016,97,0,NA,0,0,0,0,0,5,97,13,86,8,11,5,95,10,2,3,26991.4936080932,0.762,3.9316,0.1944,4.3479,91.3194,0,16.3696,3.9316,0,0,0,3.9316,20.3012,345856309.5,0,0,0,45,0
"Ecuador","EC180850",2015,182,0,NA,0,0,0,0,0,5,182,13,174,8,8,5,181,10,1,3,14815.9476947784,0.765,1.9255,1.2804,8.8022,64.1106,0,13.4861,1.9255,0,0,0,1.9255,15.4116,312293716,0,0,0,44,0
"Ecuador","EC180850",2016,227,0,NA,0,0,0,0,0,5,227,13,216,8,11,5,226,10,1,3,15035.1044639587,0.762,2.085,1.3386,9.5271,64.2926,0,13.2021,2.085,0,0,0,2.085,15.2871,322085959,0,0,0,44,0
"Ecuador","EC180850",2019,126,0,NA,0,0,0,0,0,5,126,13,106,8,20,5,124,10,2,3,15692.5747714996,0.76,2.1044,1.3192,9.7482,63.6797,0,13.5366,2.1044,0,0,0,2.1044,15.641,320369315,0,0,0,44,0
"Ecuador","EC190150",2015,233,0,NA,0,0,0,0,0,5,233,13,207,8,26,5,232,10,1,3,14963.3659148216,0.765,81.5943,0.4164,25.3178,97.5158,0,11.061,81.5943,0.0471,0,0.0471,81.5472,92.6082,3085498225,0,0,0,492,0
"Ecuador","EC190150",2016,203,0,NA,0,0,0,0,0,5,203,13,182,8,21,5,203,10,0,3,15184.7032713413,0.762,81.9298,0.4111,24.4574,97.6093,0,10.6815,81.9298,0.0471,0,0.0471,81.8827,92.5642,3164317613.5,0,0,0,492,0
"Ecuador","EC190150",2019,193,0,NA,1,0,0,0,1,5,192,13,169,8,23,5,190,10,2,3,15848.7153409004,0.76,82.6991,0.3986,24.7093,97.6056,0,10.5797,82.6991,0.0471,0,0.0471,82.652,93.2317,3116280935,0,0,0,492,0
"Ecuador","EC190250",2015,37,0,NA,0,0,0,0,0,5,37,13,30,8,7,5,37,10,0,3,5516.82512903213,0.765,38.8342,2.243,54.3722,88.7565,0,0.7849,38.8342,1.5156,0,1.5156,37.3186,38.1035,2126241928.5,0,0,0,369,0
"Ecuador","EC190250",2016,40,0,NA,0,0,0,0,0,5,40,13,33,8,7,5,40,10,0,3,5598.01858196258,0.762,38.6453,2.2548,54.208,88.7357,0,0.7553,38.6453,1.5156,0,1.5156,37.1297,37.885,2180105949.5,0,1,0.005420054200542,369,2
"Ecuador","EC190250",2019,57,0,NA,0,0,0,0,0,5,57,13,53,8,4,5,56,10,1,3,5841.59894075393,0.76,41.7545,2.2548,58.7583,88.7075,0,0.7379,41.7545,1.5156,0,1.5156,40.2389,40.9768,2138447423,0,0,0,369,0
"Ecuador","EC190550",2015,45,0,NA,0,0,0,0,0,5,45,13,43,8,2,5,45,10,0,3,13217.4169950485,0.765,55.3817,1.3324,57.7875,91.6538,0,0,55.3817,49.8092,0,49.8092,5.5725,5.5725,1629246489.5,0,0,0,238,0
"Ecuador","EC190550",2016,75,0,NA,0,0,0,0,0,5,75,13,61,8,14,5,74,10,1,3,13412.9283372879,0.762,55.1356,1.2956,57.7339,91.6239,0,0,55.1356,49.8092,0,49.8092,5.3264,5.3264,1671754926.5,0,0,0,238,0
"Ecuador","EC190550",2019,256,0,NA,3,2,0,1,6,5,250,13,220,8,30,5,246,10,4,3,13999.462364006,0.76,57.2324,1.314,59.6895,91.6648,0,0,57.2324,49.8092,0,49.8092,7.4232,7.4232,1650859661,0,0,0,238,0
"Ecuador","EC210150",2015,767,0,NA,1,0,0,2,3,5,764,13,701,8,63,5,743,10,21,3,63120.5251312255,0.765,36.8032,2.4583,47.0896,89.5624,0,6e-04,36.8032,4.24,2.8418,1.3982,32.5632,32.5638,2722544084,0,0,0,284,0
"Ecuador","EC210150",2016,526,0,NA,1,0,0,2,3,5,523,13,458,8,65,5,512,10,11,3,64051.9832393645,0.762,35.9967,2.3024,45.9249,89.5912,0,9e-04,35.9967,4.24,2.8418,1.3982,31.7567,31.7576,2785592639,0,0,0,284,0
"Ecuador","EC210150",2019,586,0,NA,1,0,0,9,10,5,576,13,472,8,104,5,508,10,68,3,66846.3575637817,0.76,36.9792,2.3636,47.2387,89.5913,0,3e-04,36.9792,4.24,2.8418,1.3982,32.7392,32.7395,2813233831,0,0,0,284,0
"Ecuador","EC210450",2015,156,0,NA,0,0,0,0,0,5,156,13,122,8,34,5,152,10,4,3,29620.7256727218,0.765,25.3083,2.809,47.8046,84.9121,0,0,25.3083,29.4342,0,29.4342,-4.1259,-4.1259,3852618264,0,0,0,393,0
"Ecuador","EC210450",2016,221,0,NA,0,0,0,1,1,5,220,13,184,8,36,5,218,10,2,3,30058.8739423751,0.762,24.8571,2.7511,47.1386,84.8597,0,0,24.8571,29.4342,0,29.4342,-4.5771,-4.5771,3939569731,0,0,0,393,0
"Ecuador","EC210450",2019,141,0,NA,1,0,0,0,1,5,140,13,99,8,41,5,133,10,7,3,31373.3187513351,0.76,22.346,2.5241,43.101,84.6192,0,0,22.346,29.4342,0,29.4342,-7.0882,-7.0882,3978772398,0,0,0,393,0
"Ecuador","EC220150",2015,189,0,NA,0,0,0,3,3,5,186,13,155,8,31,5,185,10,1,3,5023.90980494022,0.765,38.9554,2.0899,45.6756,90.4742,0,0.0675,38.9554,1.306,1.306,0,37.6494,37.7169,1187397429,0,0,0,128,0
"Ecuador","EC220150",2016,381,0,NA,0,0,0,0,0,5,381,13,355,8,26,5,380,10,1,3,5098.22321900129,0.762,39.2049,2.1105,45.9259,90.4705,0,0.0675,39.2049,1.306,1.306,0,37.8989,37.9664,1215574634,0,0,0,128,0
"Ecuador","EC220150",2019,180,0,NA,1,2,0,2,5,5,175,13,129,8,46,5,164,10,11,3,5321.1634611845,0.76,37.2545,2.3305,47.3059,89.7216,0,0.0517,37.2545,1.306,1.306,0,35.9485,36.0002,1224447073,0,0,0,128,0
"Ecuador","EC220250",2015,2,0,NA,0,0,0,0,0,5,2,13,2,8,0,5,2,10,0,3,1059.45276340609,0.765,97.2658,0.0648,5.7395,99.4807,0,0.0446,97.2658,33.1157,33.1157,0,64.1501,64.1947,16207404359,0,0,0,1443,0
"Ecuador","EC220250",2016,5,0,NA,0,0,0,0,0,5,5,13,5,8,0,5,5,10,0,3,1075.12413562936,0.762,97.3203,0.0605,5.6297,99.4896,0,0.0386,97.3203,33.1157,33.1157,0,64.2046,64.2432,16577149031,0,0,0,1443,0
"Ecuador","EC220250",2019,15,0,NA,0,0,0,4,4,5,11,13,8,8,3,5,9,10,2,3,1122.13825229918,0.76,97.2615,0.066,5.7362,99.4807,0,0.0268,97.2615,33.1157,33.1157,0,64.1458,64.1726,16729909452,0,0,0,1443,0
