"COD","tot_IT","NOTackn_IT","acknlgd_IT"
"BO010101",0,0,0
"BO010103",8.0701,0,8.0701
"BO010201",0,0,0
"BO010202",0,0,0
"BO010301",0,0,0
"BO010302",5.1614,0,5.1614
"BO010303",0,0,0
"BO010304",0,0,0
"BO010401",0,0,0
"BO010402",0,0,0
"BO010403",0,0,0
"BO010404",0,0,0
"BO010405",0,0,0
"BO010501",3.8497,0,3.8497
"BO010502",49.556,0,49.556
"BO010601",0,0,0
"BO010602",0,0,0
"BO010801",0,0,0
"BO011001",15.4179,1.7099,13.708
"BO020101",0,0,0
"BO020102",0,0,0
"BO020103",0,0,0
"BO020104",0,0,0
"BO020402",3.3747,0,3.3747
"BO020403",0,0,0
"BO020501",0,0,0
"BO020502",45.1324,0,45.1324
"BO020503",0,0,0
"BO020601",0,0,0
"BO020602",13.7758,0.441,13.3348
"BO020603",17.2719,0,17.2719
"BO020604",0,0,0
"BO020605",0,0,0
"BO020606",8.5056,0,8.5056
"BO020607",7.3897,0.1319,7.2578
"BO020608",29.6647,25.4255,4.2392
"BO020701",52.493,23.6535,28.8395
"BO020702",20.7977,0,20.7977
"BO020901",0,0,0
"BO020902",0,0,0
"BO020903",0,0,0
"BO020904",0,0,0
"BO020905",0,0,0
"BO021001",1.4326,0,1.4326
"BO021002",0.3232,0,0.3232
"BO021003",0,0,0
"BO021004",0,0,0
"BO021005",0.898,0,0.898
"BO021006",0.1441,0,0.1441
"BO021101",0,0,0
"BO021102",0,0,0
"BO021103",0,0,0
"BO021104",48.8266,0,48.8266
"BO021105",2.3748,0,2.3748
"BO021301",0,0,0
"BO021401",0,0,0
"BO021402",0,0,0
"BO021501",30.3159,18.1655,12.1504
"BO021502",99.4289,28.799,70.6299
"BO021601",1.1782,1.0581,0.1201
"BO021602",0,0,0
"BO022001",0,0,0
"BO022002",0,0,0
"BO030101",0,0,0
"BO030201",2.169,0,2.169
"BO030202",0,0,0
"BO030203",0,0,0
"BO030301",0,0,0
"BO030302",0,0,0
"BO030303",44.5845,0,44.5845
"BO030401",0,0,0
"BO030402",0,0,0
"BO030403",0,0,0
"BO030404",0,0,0
"BO030501",0,0,0
"BO030502",0,0,0
"BO030601",0.1896,0,0.1896
"BO030602",2.8477,0,2.8477
"BO030701",0,0,0
"BO030702",0,0,0
"BO030703",0,0,0
"BO030801",0,0,0
"BO030802",0,0,0
"BO030803",0,0,0
"BO030901",0.3676,0,0.3676
"BO030902",0,0,0
"BO030903",0,0,0
"BO030904",0,0,0
"BO030905",0,0,0
"BO031001",0,0,0
"BO031002",0,0,0
"BO031003",26.516,0.236,26.28
"BO031101",30.8703,0,30.8703
"BO031201",0,0,0
"BO031202",0,0,0
"BO031203",0,0,0
"BO031204",77.009,2.2059,74.8031
"BO031205",4.0324,0,4.0324
"BO031206",0,0,0
"BO031301",29.1222,0,29.1222
"BO031302",0,0,0
"BO031303",0,0,0
"BO031401",0,0,0
"BO031402",0,0,0
"BO031403",0,0,0
"BO031404",0,0,0
"BO031405",0,0,0
"BO031501",94.0305,0,94.0305
"BO031601",0,0,0
"BO031602",0,0,0
"BO040201",74.4423,0,74.4423
"BO040701",89.2193,0,89.2193
"BO050201",63.0296,0,63.0296
"BO050202",94.5438,0,94.5438
"BO050203",94.2545,0,94.2545
"BO050204",99.9935,0,99.9935
"BO050401",1.2608,0,1.2608
"BO050402",0.0046,0,0.0046
"BO050403",36.0926,0,36.0926
"BO050404",0,0,0
"BO050501",21.0428,0,21.0428
"BO050502",0.0011,0,0.0011
"BO050701",16.5669,0,16.5669
"BO050702",2.7338,0,2.7338
"BO051301",3.2265,0,3.2265
"BO051302",4.6993,0,4.6993
"BO070101",0.8221,0.8221,0
"BO070102",0,0,0
"BO070103",0,0,0
"BO070104",2.337,2.337,0
"BO070105",0,0,0
"BO070201",0,0,0
"BO070202",0,0,0
"BO070301",7.6053,0.0311,7.5742
"BO070302",8.198,0.0023,8.1957
"BO070303",27.1253,27.1253,0
"BO070401",0,0,0
"BO070402",0,0,0
"BO070403",9.2638,0.5285,8.7353
"BO070404",0,0,0
"BO070501",9.0918,4.4796,4.6122
"BO070502",3.5679,3.2139,0.354
"BO070601",0,0,0
"BO070602",0,0,0
"BO070603",0,0,0
"BO070701",77.6604,47.1431,30.5173
"BO070702",54.6985,34.4678,20.2307
"BO070703",66.6406,65.3384,1.3022
"BO070704",90.0535,51.513,38.5405
"BO070705",83.0478,36.476,46.5718
"BO070706",98.5397,39.5807,58.959
"BO070801",0.8555,0.5961,0.2594
"BO070802",0,0,0
"BO070803",0,0,0
"BO070804",0,0,0
"BO070805",0,0,0
"BO070901",0,0,0
"BO070902",0,0,0
"BO070903",0,0,0
"BO070904",0,0,0
"BO071001",0,0,0
"BO071002",0,0,0
"BO071003",0,0,0
"BO071004",0,0,0
"BO071005",3.0839,3.0839,0
"BO071101",36.6192,4.7195,31.8997
"BO071102",23.8284,16.8088,7.0196
"BO071103",0,0,0
"BO071104",94.3233,17.1612,77.1621
"BO071105",0,0,0
"BO071106",0,0,0
"BO071301",0,0,0
"BO071302",0,0,0
"BO071501",84.8157,49.0556,35.7601
"BO071502",77.5285,11.7835,65.745
"BO071503",36.5622,26.242,10.3202
"BO080101",26.9503,8.2122,18.7381
"BO080102",15.7947,11.2233,4.5714
"BO080201",48.8668,1.8398,47.027
"BO080202",0.0558,0,0.0558
"BO080301",47.929,10.1527,37.7763
"BO080302",36.5684,7.5537,29.0147
"BO080303",25.1955,4.0391,21.1564
"BO080304",51.0833,2.0528,49.0305
"BO080401",26.6966,9.9651,16.7315
"BO080402",40.0332,24.3028,15.7304
"BO080501",51.3491,6.271,45.0781
"BO080601",19.729,3.068,16.661
"BO080602",3.5418,2.5227,1.0191
"BO080701",41.8989,14.8736,27.0253
"BO080702",5.883,3.9444,1.9386
"BO080703",60.7994,30.5981,30.2013
"BO080801",79.5642,35.0722,44.492
"BO080802",16.7387,4.6775,12.0612
"BO080803",5.3146,5.2791,0.0355
"BO090101",0,0,0
"BO090102",0,0,0
"BO090103",21.8805,11.5227,10.3578
"BO090104",0,0,0
"BO090201",0.0157,0.0157,0
"BO090202",20.7472,0.0531,20.6941
"BO090203",0.2037,0.2037,0
"BO090301",78.1127,16.4791,61.6336
"BO090302",67.0835,15.656,51.4275
"BO090303",9.1577,1.9727,7.185
"BO090401",0,0,0
"BO090402",0,0,0
"BO090501",0,0,0
"BO090502",0,0,0
"BO090503",0,0,0
"CO18001",0.6911,0,0.6911
"CO18029",0.285,0,0.285
"CO18094",0.7711,0,0.7711
"CO18150",0.9601,0,0.9601
"CO18205",0,0,0
"CO18247",0,0,0
"CO18256",0,0,0
"CO18410",0.073,0,0.073
"CO18460",4.4552,0,4.4552
"CO18479",0.0234,0,0.0234
"CO18592",0.439,0,0.439
"CO18610",1.7172,0,1.7172
"CO18753",0.7498,0,0.7498
"CO18756",27.5579,0,27.5579
"CO18785",0.697,0,0.697
"CO18860",0.2872,0,0.2872
"CO19533",3.9514,0,3.9514
"CO19701",7.169,0,7.169
"CO41001",0,0,0
"CO41006",0,0,0
"CO41020",0,0,0
"CO41078",0,0,0
"CO41206",0,0,0
"CO41298",0,0,0
"CO41319",0,0,0
"CO41770",0,0,0
"CO41799",0,0,0
"CO50223",0,0,0
"CO50251",0,0,0
"CO50270",0,0,0
"CO50287",0,0,0
"CO50313",0,0,0
"CO50318",0,0,0
"CO50325",3.332,0,3.332
"CO50330",2.8103,0,2.8103
"CO50350",6.2365,0,6.2365
"CO50370",0.3572,0,0.3572
"CO50400",0,0,0
"CO50450",2.9871,0,2.9871
"CO50568",25.7694,0,25.7694
"CO50577",0,0,0
"CO50590",0,0,0
"CO50683",0,0,0
"CO50689",0,0,0
"CO50711",0,0,0
"CO52001",0.8596,0,0.8596
"CO52215",6.9568,0,6.9568
"CO52287",0,0,0
"CO52356",20.9233,0,20.9233
"CO52560",21.5592,0,21.5592
"CO52573",0,0,0
"CO86001",52.2103,0,52.2103
"CO86320",17.9208,0,17.9208
"CO86568",3.4868,9e-04,3.4859
"CO86569",6.0371,0,6.0371
"CO86571",15.821,0,15.821
"CO86573",31.0446,0.2801,30.7645
"CO86749",52.791,0,52.791
"CO86755",57.7676,0,57.7676
"CO86757",8.4909,0,8.4909
"CO86760",57.7141,0,57.7141
"CO86865",2.2345,0,2.2345
"CO86885",26.5935,0,26.5935
"CO91001",35.97,0,35.97
"CO91263",96.5347,0,96.5347
"CO91405",99.9378,0,99.9378
"CO91407",62.7012,0,62.7012
"CO91430",84.0815,0,84.0815
"CO91460",98.0781,0,98.0781
"CO91530",97.8806,0,97.8806
"CO91536",78.7742,6e-04,78.7736
"CO91540",89.6398,0,89.6398
"CO91669",98.7794,0,98.7794
"CO91798",18.9638,0.0239,18.9399
"CO94001",96.3313,2e-04,96.3311
"CO94343",63.0694,0,63.0694
"CO94663",59.9573,0,59.9573
"CO94883",97.6822,3e-04,97.6819
"CO94884",99.4248,0,99.4248
"CO94885",94.591,0.6062,93.9848
"CO94886",99.4484,0.019,99.4294
"CO94887",99.6913,0,99.6913
"CO94888",99.821,0,99.821
"CO95001",58.418,0,58.418
"CO95015",11.1021,0,11.1021
"CO95025",56.4045,0,56.4045
"CO95200",16.0592,0,16.0592
"CO97001",99.8244,0,99.8244
"CO97161",46.4285,0,46.4285
"CO97511",96.6772,0,96.6772
"CO97666",87.5146,0,87.5146
"CO97777",77.4654,0,77.4654
"CO97889",98.9155,0,98.9155
"CO99773",68.043,0.0209,68.0221
"COD1100015",24.0398,0,24.0398
"COD1100023",0,0,0
"COD1100031",0,0,0
"COD1100049",25.6748,0,25.6748
"COD1100056",0,0,0
"COD1100064",0,0,0
"COD1100072",9.0701,0,9.0701
"COD1100080",12.017,0,12.017
"COD1100098",31.0522,0,31.0522
"COD1100106",51.0815,4e-04,51.0811
"COD1100114",5.3964,0,5.3964
"COD1100122",28.3988,0,28.3988
"COD1100130",0.0744,0,0.0744
"COD1100148",0.0079,0,0.0079
"COD1100155",0,0,0
"COD1100189",0.9638,0,0.9638
"COD1100205",6.2044,0,6.2044
"COD1100254",0,0,0
"COD1100262",0,0,0
"COD1100288",0,0,0
"COD1100296",0,0,0
"COD1100304",56.9499,0,56.9499
"COD1100320",67.6143,0,67.6143
"COD1100338",23.5938,0,23.5938
"COD1100346",37.5261,0,37.5261
"COD1100379",27.1342,0,27.1342
"COD1100403",0,0,0
"COD1100452",0,0,0
"COD1100502",0,0,0
"COD1100601",1.5424,0,1.5424
"COD1100700",23.7712,0,23.7712
"COD1100809",0,0,0
"COD1100908",0,0,0
"COD1100924",23.0055,0,23.0055
"COD1100940",0,0,0
"COD1101005",66.7539,0,66.7539
"COD1101104",0,0,0
"COD1101203",0,0,0
"COD1101302",34.6971,0,34.6971
"COD1101401",5.3261,0,5.3261
"COD1101435",0,0,0
"COD1101450",6.9819,0,6.9819
"COD1101468",0.7023,0,0.7023
"COD1101476",0,0,0
"COD1101484",0,0,0
"COD1101492",36.388,0,36.388
"COD1101500",45.1416,0,45.1416
"COD1101559",0,0,0
"COD1101609",0,0,0
"COD1101708",0,0,0
"COD1101757",0,0,0
"COD1101807",0,0,0
"COD1200013",0,0,0
"COD1200054",46.7694,0.0337,46.7357
"COD1200104",0.0012,0,0.0012
"COD1200138",0,0,0
"COD1200179",0,0,0
"COD1200203",6.7304,0,6.7304
"COD1200252",0,0,0
"COD1200302",31.0445,0.0332,31.0113
"COD1200328",39.7988,0.1204,39.6784
"COD1200336",11.9933,1.5256,10.4677
"COD1200344",11.2181,0,11.2181
"COD1200351",17.943,0,17.943
"COD1200385",0,0,0
"COD1200393",13.223,0,13.223
"COD1200401",0,0,0
"COD1200427",0.6043,0.5303,0.074
"COD1200435",34.2563,0,34.2563
"COD1200450",0,0,0
"COD1200500",6.7179,0,6.7179
"COD1200609",14.301,0,14.301
"COD1200708",0,0,0
"COD1200807",0,0,0
"COD1300029",1.1421,0,1.1421
"COD1300060",42.7916,0,42.7916
"COD1300086",0.0718,0,0.0718
"COD1300102",8.8944,0,8.8944
"COD1300144",0.0018,0,0.0018
"COD1300201",84.5615,0.0835,84.478
"COD1300300",11.9207,0,11.9207
"COD1300409",19.6517,0.0653,19.5864
"COD1300508",28.0331,0,28.0331
"COD1300607",80.1937,0,80.1937
"COD1300631",8.1613,0,8.1613
"COD1300680",0,0,0
"COD1300706",9.7319,0,9.7319
"COD1300805",36.902,0,36.902
"COD1300839",0,0,0
"COD1300904",13.2268,0,13.2268
"COD1301001",27.4262,0,27.4262
"COD1301100",2.6426,0,2.6426
"COD1301159",8.0767,0,8.0767
"COD1301209",0.2212,0,0.2212
"COD1301308",0,0,0
"COD1301407",51.3225,0,51.3225
"COD1301506",10.2955,0,10.2955
"COD1301605",3.292,0,3.292
"COD1301654",4.0862,0,4.0862
"COD1301704",41.8877,0,41.8877
"COD1301803",18.1051,0,18.1051
"COD1301852",0,0,0
"COD1301902",3.6983,0,3.6983
"COD1301951",60.2173,0,60.2173
"COD1302009",0,0,0
"COD1302108",30.8669,0,30.8669
"COD1302207",11.0622,0,11.0622
"COD1302306",24.6003,0,24.6003
"COD1302405",22.8041,0,22.8041
"COD1302504",0.7992,0,0.7992
"COD1302553",3.5655,0,3.5655
"COD1302603",0,0,0
"COD1302702",16.7496,0,16.7496
"COD1302801",4.1335,0,4.1335
"COD1302900",3.288,0,3.288
"COD1303007",38.5027,0,38.5027
"COD1303106",0,0,0
"COD1303205",26.7943,0,26.7943
"COD1303304",3.317,0,3.317
"COD1303403",4.3235,0,4.3235
"COD1303502",27.4216,0,27.4216
"COD1303536",31.6271,0,31.6271
"COD1303569",0,0,0
"COD1303601",57.6758,0.1,57.5758
"COD1303700",22.3395,0,22.3395
"COD1303809",90.9543,0,90.9543
"COD1303908",48.1496,0,48.1496
"COD1303957",0,0,0
"COD1304005",0,0,0
"COD1304062",90.065,0,90.065
"COD1304104",20.1939,0,20.1939
"COD1304203",0.0798,0,0.0798
"COD1304237",41.8581,0,41.8581
"COD1304260",2.7886,0,2.7886
"COD1304302",44.5698,0,44.5698
"COD1304401",0,0,0
"COD1400027",60.499,0.9746,59.5244
"COD1400050",75.2775,0.1757,75.1018
"COD1400100",24.8399,0,24.8399
"COD1400159",21.1119,0,21.1119
"COD1400175",7.1784,0,7.1784
"COD1400209",16.2564,0,16.2564
"COD1400233",54.4561,0,54.4561
"COD1400282",72.8255,0.0581,72.7674
"COD1400308",58.3473,0,58.3473
"COD1400407",96.6273,0,96.6273
"COD1400456",98.3389,0.0777,98.2612
"COD1400472",20.78,0,20.78
"COD1400506",47.7156,0,47.7156
"COD1400605",0,0,0
"COD1400704",99.9122,0.1474,99.7648
"COD1500107",0,0,0
"COD1500131",0,0,0
"COD1500206",0,0,0
"COD1500305",0,0,0
"COD1500347",22.0715,0,22.0715
"COD1500404",10.8984,0,10.8984
"COD1500503",32.7079,0,32.7079
"COD1500602",48.5845,0,48.5845
"COD1500701",0,0,0
"COD1500800",0,0,0
"COD1500859",43.9547,0,43.9547
"COD1500909",0,0,0
"COD1500958",0.3934,0,0.3934
"COD1501006",15.6568,0,15.6568
"COD1501105",0,0,0
"COD1501204",3.1,0,3.1
"COD1501253",5.6237,0,5.6237
"COD1501303",0,0,0
"COD1501402",0,0,0
"COD1501451",8.4907,0,8.4907
"COD1501501",0,0,0
"COD1501576",22.2619,0,22.2619
"COD1501600",0,0,0
"COD1501709",0,0,0
"COD1501725",24.4663,0,24.4663
"COD1501758",3.3154,0,3.3154
"COD1501782",0,0,0
"COD1501808",0,0,0
"COD1501907",0,0,0
"COD1501956",0,0,0
"COD1502004",0,0,0
"COD1502103",0,0,0
"COD1502152",0.0092,0,0.0092
"COD1502202",0,0,0
"COD1502301",0.0131,0,0.0131
"COD1502400",0,0,0
"COD1502509",0,0,0
"COD1502707",0,0,0
"COD1502756",0,0,0
"COD1502764",23.7703,0,23.7703
"COD1502772",0,0,0
"COD1502806",0,0,0
"COD1502855",0,0,0
"COD1502905",0,0,0
"COD1502939",0,0,0
"COD1502954",0.0082,0,0.0082
"COD1503002",73.5631,0,73.5631
"COD1503044",0.0798,0,0.0798
"COD1503077",0.6753,0,0.6753
"COD1503093",0.0325,0,0.0325
"COD1503101",0,0,0
"COD1503200",0,0,0
"COD1503309",0,0,0
"COD1503408",0,0,0
"COD1503457",3.5811,0,3.5811
"COD1503507",0,0,0
"COD1503606",6.651,0,6.651
"COD1503705",17.6049,0,17.6049
"COD1503754",57.1292,0,57.1292
"COD1503804",0,0,0
"COD1503903",0.0046,0,0.0046
"COD1504000",0,0,0
"COD1504059",0,0,0
"COD1504109",0,0,0
"COD1504208",1.4103,0,1.4103
"COD1504307",0,0,0
"COD1504406",0,0,0
"COD1504422",0,0,0
"COD1504455",3.6385,0,3.6385
"COD1504505",0,0,0
"COD1504604",0,0,0
"COD1504703",0.946,0,0.946
"COD1504752",0,0,0
"COD1504802",2.9578,0,2.9578
"COD1504901",0,0,0
"COD1504950",52.7178,0,52.7178
"COD1504976",0,0,0
"COD1505007",0,0,0
"COD1505031",0,0,0
"COD1505064",13.7927,0,13.7927
"COD1505106",46.9203,0,46.9203
"COD1505205",0,0,0
"COD1505304",46.1297,0,46.1297
"COD1505403",0,0,0
"COD1505437",84.6082,0,84.6082
"COD1505486",0.0158,0,0.0158
"COD1505494",0,0,0
"COD1505502",5.0808,0,5.0808
"COD1505536",38.4889,0,38.4889
"COD1505551",11.7675,0,11.7675
"COD1505601",0,0,0
"COD1505635",0,0,0
"COD1505650",17.8036,0,17.8036
"COD1505700",0,0,0
"COD1505809",0,0,0
"COD1505908",0,0,0
"COD1506005",0,0,0
"COD1506104",0,0,0
"COD1506112",0,0,0
"COD1506138",0.3704,0,0.3704
"COD1506161",0,0,0
"COD1506187",0.0499,0,0.0499
"COD1506195",0,0,0
"COD1506302",0,0,0
"COD1506351",0,0,0
"COD1506401",0,0,0
"COD1506500",0,0,0
"COD1506559",28.1207,0,28.1207
"COD1506583",0.1621,0,0.1621
"COD1506609",0,0,0
"COD1506708",0,0,0
"COD1506807",2.8964,0,2.8964
"COD1506906",0,0,0
"COD1507003",0,0,0
"COD1507102",0,0,0
"COD1507151",0.9253,0,0.9253
"COD1507201",0,0,0
"COD1507300",53.3595,0,53.3595
"COD1507409",0,0,0
"COD1507458",8.0715,0,8.0715
"COD1507466",0,0,0
"COD1507474",0,0,0
"COD1507508",0,0,0
"COD1507607",0,0,0
"COD1507706",0,0,0
"COD1507755",0,0,0
"COD1507805",70.3608,0,70.3608
"COD1507904",0,0,0
"COD1507953",0,0,0
"COD1507961",0,0,0
"COD1507979",0,0,0
"COD1508001",0.3531,0,0.3531
"COD1508035",0,0,0
"COD1508050",1.633,0,1.633
"COD1508084",0.0618,0,0.0618
"COD1508100",4.7816,0,4.7816
"COD1508126",0,0,0
"COD1508159",8.6219,0,8.6219
"COD1508209",0,0,0
"COD1508308",0.5127,0,0.5127
"COD1508357",3.2272,0,3.2272
"COD1508407",0,0,0
"COD1600055",0,0,0
"COD1600105",0,0,0
"COD1600154",24.9788,0,24.9788
"COD1600204",0,0,0
"COD1600212",0,0,0
"COD1600238",0,0,0
"COD1600253",0,0,0
"COD1600279",13.5804,0,13.5804
"COD1600303",0,0,0
"COD1600402",0.4869,0,0.4869
"COD1600501",23.2623,5e-04,23.2618
"COD1600535",0,0,0
"COD1600550",0,0,0
"COD1600600",0,0,0
"COD1600709",0,0,0
"COD1600808",0,0,0
"COD1701309",0,0,0
"COD1702109",0,0,0
"COD1702158",0,0,0
"COD1702208",0,0,0
"COD1702307",0,0,0
"COD1702554",0,0,0
"COD1703057",0,0,0
"COD1703206",0,0,0
"COD1703800",0,0,0
"COD1703891",0,0,0
"COD1707405",0,0,0
"COD1713957",0,0,0
"COD1716307",0,0,0
"COD1718303",0,0,0
"COD1718808",0,0,0
"COD1718865",2.0636,0,2.0636
"COD1720309",0,0,0
"COD1722107",0,0,0
"COD2100055",0,0,0
"COD2100204",0,0,0
"COD2100550",0,0,0
"COD2100873",14.2526,0,14.2526
"COD2101301",0,0,0
"COD2101350",0,0,0
"COD2101905",0,0,0
"COD2101970",0,0,0
"COD2102002",28.8267,0,28.8267
"COD2102408",0,0,0
"COD2102507",0,0,0
"COD2102606",0,0,0
"COD2102903",0,0,0
"COD2103109",0,0,0
"COD2103125",0,0,0
"COD2103158",30.8628,0,30.8628
"COD2103174",45.5799,0,45.5799
"COD2103257",0,0,0
"COD2103703",0,0,0
"COD2104305",0,0,0
"COD2104651",0,0,0
"COD2104677",0,0,0
"COD2104909",0,0,0
"COD2105427",0,0,0
"COD2105658",0,0,0
"COD2106201",0,0,0
"COD2106326",0,0,0
"COD2106375",3.593,0,3.593
"COD2106508",0,0,0
"COD2106805",0,0,0
"COD2106904",0.0257,0,0.0257
"COD2107357",57.2961,0,57.2961
"COD2107456",0,0,0
"COD2107605",0,0,0
"COD2108256",0,0,0
"COD2108306",0,0,0
"COD2108405",0,0,0
"COD2108603",0,0,0
"COD2109239",0,0,0
"COD2109270",0,0,0
"COD2109809",0,0,0
"COD2110039",0,0,0
"COD2110500",0,0,0
"COD2110856",0,0,0
"COD2111003",0,0,0
"COD2111029",28.7354,0,28.7354
"COD2111532",0,0,0
"COD2111706",0,0,0
"COD2111789",0,0,0
"COD2112407",0,0,0
"COD2112456",0,0,0
"COD2112803",0,0,0
"COD2112852",0,0,0
"COD2114007",22.1427,0,22.1427
"COD5100201",0.2104,0,0.2104
"COD5100250",0,0,0
"COD5100359",52.12,0,52.12
"COD5100805",71.0328,0,71.0328
"COD5101407",26.2227,0,26.2227
"COD5101852",1.9967,0,1.9967
"COD5101902",32.9951,0,32.9951
"COD5102603",47.2331,0,47.2331
"COD5102637",29.6849,0,29.6849
"COD5102686",2.9747,0,2.9747
"COD5102694",1.8928,0,1.8928
"COD5102702",21.3989,0,21.3989
"COD5102793",0,0,0
"COD5102850",0,0,0
"COD5103056",0,0,0
"COD5103205",0,0,0
"COD5103254",25.2543,0,25.2543
"COD5103304",63.4443,0,63.4443
"COD5103353",4.0102,0,4.0102
"COD5103361",46.8896,0,46.8896
"COD5103379",17.8497,0,17.8497
"COD5103502",0.4866,0,0.4866
"COD5103700",44.8246,0,44.8246
"COD5103858",48.9803,0,48.9803
"COD5104104",12.4712,0,12.4712
"COD5104526",0,0,0
"COD5104542",0,0,0
"COD5104559",0,0,0
"COD5105002",0,0,0
"COD5105101",11.8091,0,11.8091
"COD5105150",61.1167,0,61.1167
"COD5105176",0,0,0
"COD5105259",0,0,0
"COD5105507",1.5518,0,1.5518
"COD5105580",11.669,0,11.669
"COD5105606",20.5611,0,20.5611
"COD5105903",17.8137,0,17.8137
"COD5106000",4.2371,0,4.2371
"COD5106158",0,0,0
"COD5106182",16.3954,0,16.3954
"COD5106190",0,0,0
"COD5106208",0,0,0
"COD5106216",0.2281,0,0.2281
"COD5106224",0,0,0
"COD5106240",2.329,0,2.329
"COD5106265",0,0,0
"COD5106273",0,0,0
"COD5106299",0,0,0
"COD5106307",17.1189,0,17.1189
"COD5106315",0.0091,0,0.0091
"COD5106422",43.3331,0,43.3331
"COD5106455",0.8059,0,0.8059
"COD5106752",1.4688,0,1.4688
"COD5106778",20.1419,0,20.1419
"COD5106802",0,0,0
"COD5107040",1e-04,0,1e-04
"COD5107065",40.8818,0,40.8818
"COD5107180",29.6747,0,29.6747
"COD5107248",0,0,0
"COD5107305",0,0,0
"COD5107354",17.8284,0,17.8284
"COD5107578",48.5465,0,48.5465
"COD5107743",9.9087,0,9.9087
"COD5107768",3e-04,0,3e-04
"COD5107776",33.0521,0,33.0521
"COD5107792",20.3201,0,20.3201
"COD5107859",22.1376,0,22.1376
"COD5107875",35.3001,0,35.3001
"COD5107883",0.0282,0,0.0282
"COD5107909",0,0,0
"COD5107925",0,0,0
"COD5107941",13.2584,0,13.2584
"COD5107958",94.499,0,94.499
"COD5108006",0,0,0
"COD5108055",0,0,0
"COD5108303",3e-04,0,3e-04
"COD5108352",0.1045,0,0.1045
"COD5108501",0,0,0
"COD5108600",0,0,0
"COD5108808",0,0,0
"COD5108857",0.0715,0,0.0715
"COD5108907",1.1393,0,1.1393
"COD5108956",0,0,0
"EC010150",0,0,0
"EC010151",2.2484,0,2.2484
"EC010152",0,0,0
"EC010154",5.0741,5.0741,0
"EC010155",2.3992,2.3992,0
"EC010156",0,0,0
"EC010158",0,0,0
"EC010159",0,0,0
"EC010160",0,0,0
"EC010161",0,0,0
"EC010162",0,0,0
"EC010163",0.281,0,0.281
"EC010164",0,0,0
"EC010165",0.4737,0.4737,0
"EC010166",0,0,0
"EC010167",0,0,0
"EC010168",0,0,0
"EC010169",0,0,0
"EC010170",0,0,0
"EC010171",0,0,0
"EC010350",0,0,0
"EC010352",0,0,0
"EC010353",0,0,0
"EC010354",0,0,0
"EC010356",0,0,0
"EC010357",0,0,0
"EC010358",0,0,0
"EC010359",0,0,0
"EC010360",0,0,0
"EC010451",0,0,0
"EC010550",0,0,0
"EC010552",0,0,0
"EC010553",0,0,0
"EC010554",0,0,0
"EC010556",0,0,0
"EC010559",0,0,0
"EC010561",0,0,0
"EC010562",0,0,0
"EC010950",0,0,0
"EC010951",0,0,0
"EC010952",0,0,0
"EC010953",0,0,0
"EC010954",0,0,0
"EC010955",0,0,0
"EC010956",0,0,0
"EC011150",0,0,0
"EC011151",0,0,0
"EC011152",0,0,0
"EC011153",0,0,0
"EC011154",0,0,0
"EC011250",0,0,0
"EC011253",0,0,0
"EC011350",0,0,0
"EC011351",0,0,0
"EC011352",0,0,0
"EC011450",0,0,0
"EC030150",0,0,0
"EC030151",0,0,0
"EC030153",0,0,0
"EC030154",0,0,0
"EC030155",0,0,0
"EC030156",0,0,0
"EC030157",0,0,0
"EC030158",0,0,0
"EC030160",0,0,0
"EC030250",0,0,0
"EC030251",32.4496,32.4496,0
"EC030252",0,0,0
"EC030253",0,0,0
"EC030254",16.7831,16.7831,0
"EC030354",74.8487,74.8487,0
"EC030650",0,0,0
"EC030651",0,0,0
"EC040151",0,0,0
"EC050150",0,0,0
"EC050151",0,0,0
"EC050152",0,0,0
"EC050153",0,0,0
"EC050154",0,0,0
"EC050156",0,0,0
"EC050157",0,0,0
"EC050158",19.7273,19.7273,0
"EC050159",0,0,0
"EC050161",0,0,0
"EC050162",8.4238,8.4238,0
"EC050450",23.2345,23.2345,0
"EC050455",0,0,0
"EC050550",0,0,0
"EC050551",0,0,0
"EC050552",57.0656,57.0656,0
"EC050553",8.1881,8.1881,0
"EC050554",0,0,0
"EC050555",0,0,0
"EC050650",0,0,0
"EC050651",0,0,0
"EC050652",0,0,0
"EC050653",33.8428,33.8428,0
"EC060150",0,0,0
"EC060151",0,0,0
"EC060152",0.5191,0.5191,0
"EC060153",0,0,0
"EC060154",0,0,0
"EC060155",0,0,0
"EC060156",0,0,0
"EC060157",46.3337,46.3337,0
"EC060158",0,0,0
"EC060159",34.832,34.832,0
"EC060160",65.8566,65.8566,0
"EC060161",0,0,0
"EC060251",33.1967,32.8857,0.311
"EC060350",29.0435,29.0435,0
"EC060352",40.8473,40.8473,0
"EC060354",0,0,0
"EC060450",40.9448,40.9448,0
"EC060650",28.9348,28.9348,0
"EC060651",40.8946,40.8946,0
"EC060750",0,0,0
"EC060751",0,0,0
"EC060752",0,0,0
"EC060753",0,0,0
"EC060754",39.5203,39.5203,0
"EC060755",0,0,0
"EC060756",0,0,0
"EC060757",0,0,0
"EC060758",0,0,0
"EC060759",0,0,0
"EC060950",18.2087,18.2087,0
"EC060951",0,0,0
"EC060952",10.0303,10.0303,0
"EC060953",0,0,0
"EC060954",0,0,0
"EC060955",58.8384,58.8384,0
"EC060956",0,0,0
"EC110150",0,0,0
"EC110151",0,0,0
"EC110152",0,0,0
"EC110154",1.4695,1.4695,0
"EC110155",0,0,0
"EC110157",64.6062,64.6062,0
"EC110158",0,0,0
"EC110159",3.1425,3.1425,0
"EC110160",0,0,0
"EC110162",0,0,0
"EC110650",23.3299,0,23.3299
"EC110652",0,0,0
"EC110653",92.1417,0,92.1417
"EC111156",95.4603,95.4603,0
"EC140150",26.0584,26.0584,0
"EC140151",1.1126,1.1126,0
"EC140153",25.4244,25.4244,0
"EC140156",15.4093,15.4093,0
"EC140157",38.7653,0.1295,38.6358
"EC140158",29.174,5.43,23.744
"EC140160",8.3714,8.3714,0
"EC140162",33.4921,0,33.4921
"EC140164",1.7804,1.4187,0.3617
"EC140250",68.1945,0,68.1945
"EC140251",6.4984,2.1852,4.3132
"EC140252",6e-04,0,6e-04
"EC140253",33.3503,0,33.3503
"EC140254",0.0697,0,0.0697
"EC140255",19.8926,0,19.8926
"EC140256",93.1029,0,93.1029
"EC140257",12.8157,1.0753,11.7404
"EC140258",50.2055,0,50.2055
"EC140350",29.4154,0,29.4154
"EC140351",87.7494,0,87.7494
"EC140353",75.24,0,75.24
"EC140356",32.7065,0,32.7065
"EC140357",13.6536,0,13.6536
"EC140358",41.9244,0,41.9244
"EC140450",2.7098,2.7098,0
"EC140451",11.5525,11.5525,0
"EC140452",2.0639,2.0639,0
"EC140454",96.4774,96.4774,0
"EC140455",7.9779,7.9683,0.0096
"EC140550",11.9474,0.0522,11.8952
"EC140551",5.6604,5.6604,0
"EC140552",20.0763,19.9099,0.1664
"EC140553",43.3238,0,43.3238
"EC140554",8.7529,0,8.7529
"EC140556",89.0923,0,89.0923
"EC140557",53.1274,0,53.1274
"EC140650",34.556,0.9385,33.6175
"EC140651",56.2092,0,56.2092
"EC140652",61.1244,0,61.1244
"EC140655",45.9228,6.7505,39.1723
"EC140750",59.7972,0.012,59.7852
"EC140751",85.6585,0,85.6585
"EC140850",26.9245,0,26.9245
"EC140851",42.4071,0,42.4071
"EC140852",99.7925,0,99.7925
"EC140853",0.9203,0,0.9203
"EC140854",8.634,0,8.634
"EC140950",69.568,0,69.568
"EC140951",100,0,100
"EC140952",65.4545,0.1154,65.3391
"EC140953",93.8386,0,93.8386
"EC140954",99.9457,0,99.9457
"EC141050",76.2914,0,76.2914
"EC141051",33.7521,0,33.7521
"EC141052",31.3156,0,31.3156
"EC141150",9.3295,2.4368,6.8927
"EC141250",94.0338,0,94.0338
"EC141251",30.1426,0,30.1426
"EC150150",28.9886,0,28.9886
"EC150151",21.3271,0.3527,20.9744
"EC150153",54.3068,1.5312,52.7756
"EC150154",4.0697,0,4.0697
"EC150155",69.0268,0.0032,69.0236
"EC150156",33.3354,0.256,33.0794
"EC150157",0.4399,0,0.4399
"EC150158",4.7304,0,4.7304
"EC150350",3.9436,0,3.9436
"EC150352",25.8467,0.0295,25.8172
"EC150354",60.9954,0,60.9954
"EC150356",47.9003,29.0251,18.8752
"EC150450",0,0,0
"EC150451",11.484,2.1374,9.3466
"EC150452",0,0,0
"EC150453",58.0936,0,58.0936
"EC150454",0.0704,0,0.0704
"EC150455",0,0,0
"EC150750",0,0,0
"EC150751",0,0,0
"EC150752",4.8413,0,4.8413
"EC150753",5.7343,0,5.7343
"EC150754",0,0,0
"EC150756",0,0,0
"EC150950",0.1658,0,0.1658
"EC160150",3.7234,0,3.7234
"EC160152",99.2039,21.1179,78.086
"EC160154",2.5347,0,2.5347
"EC160155",0,0,0
"EC160156",99.9758,30.8597,69.1161
"EC160157",6.3005,0,6.3005
"EC160158",99.9485,0,99.9485
"EC160159",99.845,53.9691,45.8759
"EC160161",100,54.5573,45.4427
"EC160162",97.0487,0,97.0487
"EC160163",89.6416,0,89.6416
"EC160164",0,0,0
"EC160165",89.7904,0,89.7904
"EC160166",31.2445,6.1679,25.0766
"EC160250",0,0,0
"EC160251",1.4063,0,1.4063
"EC160252",0.3699,0,0.3699
"EC160350",14.252,0,14.252
"EC160351",0,0,0
"EC160450",34.2807,15.7705,18.5102
"EC160451",99.6817,62.4508,37.2309
"EC170253",0,0,0
"EC180150",0,0,0
"EC180151",0,0,0
"EC180152",0,0,0
"EC180153",1.5169,1.5169,0
"EC180154",0,0,0
"EC180155",0,0,0
"EC180156",0,0,0
"EC180157",13.2464,13.2464,0
"EC180158",0,0,0
"EC180159",0,0,0
"EC180160",0,0,0
"EC180161",76.0406,76.0406,0
"EC180162",2.6796,2.6796,0
"EC180163",0,0,0
"EC180164",15.1149,15.1149,0
"EC180165",0,0,0
"EC180166",0,0,0
"EC180167",0,0,0
"EC180168",0,0,0
"EC180250",0,0,0
"EC180251",0,0,0
"EC180252",0,0,0
"EC180253",0,0,0
"EC180254",0,0,0
"EC180350",0,0,0
"EC180450",3.581,3.581,0
"EC180451",0,0,0
"EC180550",0,0,0
"EC180551",0,0,0
"EC180552",0,0,0
"EC180553",0,0,0
"EC180650",0,0,0
"EC180651",0,0,0
"EC180652",0,0,0
"EC180750",0,0,0
"EC180751",0,0,0
"EC180752",0,0,0
"EC180753",0,0,0
"EC180754",0,0,0
"EC180755",0,0,0
"EC180756",0,0,0
"EC180757",0,0,0
"EC180758",0,0,0
"EC180850",0,0,0
"EC180851",0,0,0
"EC180852",0,0,0
"EC180853",0,0,0
"EC180854",0,0,0
"EC180855",0,0,0
"EC180856",0,0,0
"EC180857",0,0,0
"EC180950",0,0,0
"EC180951",0.8687,0.8687,0
"EC190150",0.0471,0,0.0471
"EC190151",22.7389,0,22.7389
"EC190152",38.003,0.3803,37.6227
"EC190153",99.0999,99.0999,0
"EC190155",0.9617,0.9617,0
"EC190156",16.3226,0,16.3226
"EC190158",33.3987,0,33.3987
"EC190250",1.5156,0,1.5156
"EC190251",0.0056,0,0.0056
"EC190252",0,0,0
"EC190254",0,0,0
"EC190256",0,0,0
"EC190259",0.001,0,0.001
"EC190350",22.6867,2.8487,19.838
"EC190351",45.213,10.8108,34.4022
"EC190352",15.5676,3.8774,11.6902
"EC190450",1.0822,1.0822,0
"EC190451",15.6534,1.6126,14.0408
"EC190452",99.2269,99.2269,0
"EC190550",49.8092,0,49.8092
"EC190551",16.4294,0,16.4294
"EC190553",14.2163,0,14.2163
"EC190650",59.8781,0,59.8781
"EC190651",19.4529,0,19.4529
"EC190652",25.1337,0,25.1337
"EC190653",51.8765,0,51.8765
"EC190750",21.4608,0,21.4608
"EC190752",8.6134,0,8.6134
"EC190753",47.4191,0,47.4191
"EC190850",1.7585,0,1.7585
"EC190851",0.0013,0,0.0013
"EC190852",0,0,0
"EC190853",1.4777,0,1.4777
"EC190854",0.4004,0,0.4004
"EC190950",31.0117,0,31.0117
"EC190951",43.5351,0,43.5351
"EC190952",28.082,0,28.082
"EC210150",4.24,2.8418,1.3982
"EC210152",31.8457,0,31.8457
"EC210153",0.2622,0,0.2622
"EC210155",31.0098,21.8351,9.1747
"EC210156",26.0906,23.2602,2.8304
"EC210157",49.7318,29.4948,20.237
"EC210158",37.2373,36.5521,0.6852
"EC210160",4.6014,4.6014,0
"EC210250",53.5255,50.7858,2.7397
"EC210251",0.1306,0.1306,0
"EC210252",49.0933,26.9168,22.1765
"EC210254",30.8305,25.4255,5.405
"EC210350",86.2603,62.206,24.0543
"EC210351",54.4393,42.7728,11.6665
"EC210352",100,93.789,6.211
"EC210353",98.2899,28.6239,69.666
"EC210354",29.2857,29.2857,0
"EC210450",29.4342,0,29.4342
"EC210451",75.4511,18.7488,56.7023
"EC210452",68.5601,50.807,17.7531
"EC210453",57.6167,5.0848,52.5319
"EC210454",0,0,0
"EC210455",4.5588,0,4.5588
"EC210550",0,0,0
"EC210551",0,0,0
"EC210552",35.6171,0.0555,35.5616
"EC210553",39.5138,0.0332,39.4806
"EC210554",0,0,0
"EC210650",69.0918,33.9463,35.1455
"EC210651",0.2847,0.2847,0
"EC210652",0.1766,0.1766,0
"EC210750",56.5135,10.7608,45.7527
"EC210751",99.3314,46.6721,52.6593
"EC210752",68.1513,33.0764,35.0749
"EC220150",1.306,1.306,0
"EC220151",16.8813,14.25,2.6313
"EC220152",25.1262,25.1262,0
"EC220153",52.523,7.7023,44.8207
"EC220154",1.968,1.968,0
"EC220155",97.6562,67.8366,29.8196
"EC220156",2.3188,2.3188,0
"EC220157",74.1754,15.759,58.4164
"EC220158",30.0828,24.7653,5.3175
"EC220159",18.9986,5.2824,13.7162
"EC220160",45.9105,23.6437,22.2668
"EC220161",79.1308,57.9559,21.1749
"EC220250",33.1157,33.1157,0
"EC220251",77.1995,50.6974,26.5021
"EC220252",70.9419,44.2336,26.7083
"EC220253",87.2979,39.5374,47.7605
"EC220254",48.2716,34.3124,13.9592
"EC220255",93.6277,93.6277,0
"EC220350",7.1209,6.7291,0.3918
"EC220351",0.2783,0,0.2783
"EC220352",74.7623,74.7131,0.0492
"EC220353",5.8527,5.8527,0
"EC220354",0.1125,0.0803,0.0322
"EC220355",0.469,0.469,0
"EC220356",22.8787,0.0385,22.8402
"EC220357",0.0048,0,0.0048
"EC220358",13.5574,13.5574,0
"EC220450",68.4817,55.3198,13.1619
"EC220451",52.7819,18.729,34.0529
"EC220452",60.2972,52.2378,8.0594
"EC220453",64.2448,59.7596,4.4852
"EC220454",42.1107,33.7572,8.3535
"EC220455",38.6941,10.9304,27.7637
"GUF1101",12.2258,8.2276,3.9982
"GUF111",30.5732,30.5107,0.0625
"GUF1111",0.0072,0,0.0072
"GUF1121",2e-04,2e-04,0
"GUF1131",0,0,0
"GUF121",17.7012,17.7012,0
"GUF131",13.579,13.3396,0.2394
"GUF141",0.2613,0.2613,0
"GUF151",0.5842,0.5842,0
"GUF161",0.3426,0.3426,0
"GUF171",0,0,0
"GUF181",0.0464,0.0452,0.0012
"GUF191",0,0,0
"GUF211",0,0,0
"GUF221",94.0215,93.6618,0.3597
"GUF231",0,0,0
"GUF241",0.3628,0.3104,0.0524
"GUF251",14.97,14.8819,0.0881
"GUF261",0,0,0
"GUF271",4.1205,4.0566,0.0639
"GUF281",0.0027,0.0027,0
"GY0101",18.7839,2.636,16.1479
"GY0102",13.7796,0,13.7796
"GY0201",29.2833,0,29.2833
"GY0202",16.9111,0,16.9111
"GY0302",4.934,0,4.934
"GY0303",0.1172,0,0.1172
"GY0304",13.9968,0,13.9968
"GY0401",9.0554,0,9.0554
"GY0402",28.426,0,28.426
"GY0501",8.119,0,8.119
"GY0502",0,0,0
"GY0601",0,0,0
"GY0602",0,0,0
"GY0603",0,0,0
"GY0604",0,0,0
"GY0605",0,0,0
"GY0606",18.3307,0,18.3307
"GY0607",0.349,0,0.349
"GY0701",4.6713,1.864,2.8073
"GY0702",14.0224,0,14.0224
"GY0801",33.7397,0,33.7397
"GY0802",5.1604,0,5.1604
"GY0901",39.3821,0,39.3821
"GY0902",22.9706,0,22.9706
"GY1001",7.634,0,7.634
"GY1002",7.6501,0,7.6501
"PE010101",27.9015,0,27.9015
"PE010102",91.2817,0,91.2817
"PE010103",24.2786,0,24.2786
"PE010104",100,0,100
"PE010105",71.6244,0,71.6244
"PE010106",98.6781,0,98.6781
"PE010107",99.9367,0,99.9367
"PE010108",100,0,100
"PE010109",99.9749,0,99.9749
"PE010110",81.164,0,81.164
"PE010111",49.9665,0,49.9665
"PE010112",85.2837,0,85.2837
"PE010113",98.4735,0,98.4735
"PE010114",96.4092,0,96.4092
"PE010115",70.8465,0,70.8465
"PE010116",100,0,100
"PE010117",98.4422,0,98.4422
"PE010118",74.0468,0,74.0468
"PE010119",61.4825,0,61.4825
"PE010120",64.8087,0,64.8087
"PE010121",45.7694,0,45.7694
"PE010201",45.3119,0,45.3119
"PE010202",41.5205,0.4409,41.0796
"PE010203",90.6593,0,90.6593
"PE010204",91.9,0,91.9
"PE010205",83.247,0.1584,83.0886
"PE010206",80.7703,0,80.7703
"PE010301",26.195,0,26.195
"PE010302",92.9083,0,92.9083
"PE010303",83.3643,0,83.3643
"PE010304",100,0,100
"PE010305",43.4859,0,43.4859
"PE010306",66.2588,0,66.2588
"PE010307",66.7558,0,66.7558
"PE010308",22.254,0,22.254
"PE010309",59.9929,0,59.9929
"PE010310",49.381,0,49.381
"PE010311",20.1082,0,20.1082
"PE010312",56.5468,0,56.5468
"PE010401",73.9942,0.0118,73.9824
"PE010402",80.0198,11.8143,68.2055
"PE010403",70.4457,6.2154,64.2303
"PE010501",21.3083,0,21.3083
"PE010502",0,0,0
"PE010503",15.0198,0,15.0198
"PE010504",79.4846,0,79.4846
"PE010505",41.5544,0,41.5544
"PE010506",76.9213,0,76.9213
"PE010507",21.4783,0,21.4783
"PE010508",86.496,0,86.496
"PE010509",28.6703,0,28.6703
"PE010510",58.399,0,58.399
"PE010511",77.8541,0,77.8541
"PE010512",32.4166,0,32.4166
"PE010513",17.1874,0,17.1874
"PE010514",0.2567,0,0.2567
"PE010515",0,0,0
"PE010516",98.8285,0,98.8285
"PE010517",68.6951,0,68.6951
"PE010518",82.091,0,82.091
"PE010519",22.7145,0,22.7145
"PE010520",55.4299,0,55.4299
"PE010521",99.6266,0,99.6266
"PE010522",39.7422,0,39.7422
"PE010523",3.8205,0,3.8205
"PE010601",0,0,0
"PE010602",0,0,0
"PE010603",70.2915,0,70.2915
"PE010604",2.6788,0,2.6788
"PE010605",29.028,0,29.028
"PE010606",30.6841,0,30.6841
"PE010607",37.3002,0,37.3002
"PE010608",0,0,0
"PE010609",0,0,0
"PE010610",0,0,0
"PE010611",0,0,0
"PE010612",13.2047,0,13.2047
"PE010701",0,0,0
"PE010702",38.6627,0,38.6627
"PE010703",0,0,0
"PE010704",0,0,0
"PE010705",0.018,0,0.018
"PE010706",0,0,0
"PE010707",0,0,0
"PE020105",0,0,0
"PE020108",0,0,0
"PE020301",0.5974,0,0.5974
"PE020302",4.1675,0,4.1675
"PE020303",5.0354,0,5.0354
"PE020304",0.1776,0,0.1776
"PE020305",70.9826,0,70.9826
"PE020306",37.307,0,37.307
"PE020401",5.8168,0,5.8168
"PE020402",3.0158,0,3.0158
"PE020508",24.4601,0,24.4601
"PE020606",0,0,0
"PE020608",0,0,0
"PE020609",0,0,0
"PE020701",43.6898,0,43.6898
"PE020702",18.1017,0,18.1017
"PE020703",17.4726,0,17.4726
"PE021001",11.9613,0,11.9613
"PE021002",73.6776,4.1745,69.5031
"PE021003",33.8597,0,33.8597
"PE021004",19.6631,0,19.6631
"PE021005",65.1882,0,65.1882
"PE021006",97.869,0,97.869
"PE021007",87.9968,0,87.9968
"PE021008",4.2748,0,4.2748
"PE021009",27.9013,0,27.9013
"PE021010",71.9389,0,71.9389
"PE021011",40.9675,0,40.9675
"PE021012",37.5957,0,37.5957
"PE021013",77.7716,0,77.7716
"PE021014",33.9861,0,33.9861
"PE021015",73.4984,0,73.4984
"PE021016",10.6246,7.4518,3.1728
"PE021210",0,0,0
"PE021301",0,0,0
"PE021302",50.9238,0.0581,50.8657
"PE021303",63.763,0,63.763
"PE021304",24.276,6.6841,17.5919
"PE021305",0,0,0
"PE021306",17.7879,0,17.7879
"PE021307",36.0848,0,36.0848
"PE021308",0.0052,0,0.0052
"PE021503",51.6736,0,51.6736
"PE021509",12.6235,0,12.6235
"PE021601",43.4933,0,43.4933
"PE021602",38.5972,0,38.5972
"PE021603",53.1607,0.0151,53.1456
"PE021604",11.4483,11.246,0.2023
"PE021710",0,0,0
"PE021901",9.1178,0,9.1178
"PE021902",17.4827,0,17.4827
"PE021903",16.7373,0,16.7373
"PE021904",67.4238,0,67.4238
"PE021905",6.5681,0,6.5681
"PE021906",29.0047,0,29.0047
"PE021907",1.9081,0,1.9081
"PE021908",73.2202,8.2001,65.0201
"PE021909",2.6827,0,2.6827
"PE021910",70.5136,0,70.5136
"PE022008",8.3638,0,8.3638
"PE030101",33.2249,0,33.2249
"PE030102",96.5202,0,96.5202
"PE030103",75.6896,0,75.6896
"PE030104",1.1285,0,1.1285
"PE030105",18.3363,1.4211,16.9152
"PE030106",82.8193,0,82.8193
"PE030107",85.669,0,85.669
"PE030108",49.8755,0,49.8755
"PE030109",0.4429,0,0.4429
"PE030201",50.7289,8.3644,42.3645
"PE030202",77.1843,0,77.1843
"PE030203",24.3424,0,24.3424
"PE030204",51.8377,5.4241,46.4136
"PE030205",80.0563,0,80.0563
"PE030206",0.1472,0,0.1472
"PE030207",70.9566,0.035,70.9216
"PE030208",40.7397,12.5333,28.2064
"PE030209",32.9554,4.1941,28.7613
"PE030210",0,0,0
"PE030211",0,0,0
"PE030212",0.6732,0,0.6732
"PE030213",31.6493,0,31.6493
"PE030214",0,0,0
"PE030215",19.5838,0,19.5838
"PE030216",28.9311,0,28.9311
"PE030217",27.0379,0,27.0379
"PE030218",99.9919,0.3961,99.5958
"PE030219",2.2662,0,2.2662
"PE030220",7.3773,0,7.3773
"PE030301",37.5502,37.5502,0
"PE030302",0,0,0
"PE030303",12.3746,12.3746,0
"PE030304",4.4916,4.4916,0
"PE030305",8.3426,0.7951,7.5475
"PE030306",0,0,0
"PE030307",0,0,0
"PE030401",0,0,0
"PE030402",0,0,0
"PE030403",0,0,0
"PE030404",41.312,0,41.312
"PE030405",0.0186,0,0.0186
"PE030406",0,0,0
"PE030407",0,0,0
"PE030408",0,0,0
"PE030409",0,0,0
"PE030410",0,0,0
"PE030411",0.2928,0,0.2928
"PE030412",0,0,0
"PE030413",0,0,0
"PE030414",0.0133,0,0.0133
"PE030415",70.4302,0,70.4302
"PE030416",0,0,0
"PE030417",0,0,0
"PE030501",7.0867,3.7268,3.3599
"PE030502",25.5929,0.065,25.5279
"PE030503",66.4333,0,66.4333
"PE030504",27.4619,6e-04,27.4613
"PE030505",40.2633,3.0997,37.1636
"PE030506",71.2999,0,71.2999
"PE030601",5.2493,0,5.2493
"PE030602",8.5783,0,8.5783
"PE030603",26.9306,0,26.9306
"PE030604",22.8688,0,22.8688
"PE030605",3.0403,0,3.0403
"PE030606",46.4529,0,46.4529
"PE030607",42.6883,0,42.6883
"PE030608",3.3875,0,3.3875
"PE030609",75.732,0,75.732
"PE030610",45.9933,0,45.9933
"PE030611",0,0,0
"PE030701",0.3752,0,0.3752
"PE030702",27.4575,0,27.4575
"PE030703",16.9799,0,16.9799
"PE030704",0.4256,0,0.4256
"PE030705",0,0,0
"PE030706",0.0622,0,0.0622
"PE030707",0,0,0
"PE030708",8.7111,0,8.7111
"PE030709",0,0,0
"PE030710",0,0,0
"PE030711",0,0,0
"PE030712",0,0,0
"PE030713",0,0,0
"PE030714",0.5505,0,0.5505
"PE040404",97.3571,0,97.3571
"PE040406",49.7164,0,49.7164
"PE040409",98.1403,0,98.1403
"PE040505",21.0424,0,21.0424
"PE040510",0,0,0
"PE040515",0,0,0
"PE040603",93.5154,0,93.5154
"PE040806",48.8132,0.307,48.5062
"PE050101",43.5326,0,43.5326
"PE050102",44.8168,7.6287,37.1881
"PE050103",39.6421,0,39.6421
"PE050104",46.2869,0,46.2869
"PE050105",45.8567,2.312,43.5447
"PE050106",11.0595,0,11.0595
"PE050107",13.1051,0,13.1051
"PE050108",40.3405,0,40.3405
"PE050109",64.8268,44.3333,20.4935
"PE050110",27.1741,0,27.1741
"PE050111",85.69,2.3969,83.2931
"PE050112",61.4664,0.003,61.4634
"PE050113",40.6296,0,40.6296
"PE050114",77.3374,0.0534,77.284
"PE050115",54.864,0,54.864
"PE050116",18.7404,0,18.7404
"PE050201",69.9003,4.1687,65.7316
"PE050202",83.2937,0.4359,82.8578
"PE050203",66.7781,0,66.7781
"PE050204",36.9599,0,36.9599
"PE050205",53.1737,7.4255,45.7482
"PE050206",4.1771,0,4.1771
"PE050301",1.0918,0,1.0918
"PE050302",59.3109,0,59.3109
"PE050303",3.132,0,3.132
"PE050304",95.6914,0,95.6914
"PE050401",65.2532,3.0742,62.179
"PE050402",4.929,0.0241,4.9049
"PE050403",43.4886,0.1954,43.2932
"PE050404",20.5389,8.2497,12.2892
"PE050405",35.4603,0,35.4603
"PE050406",63.1754,6.3641,56.8113
"PE050407",30.3672,0,30.3672
"PE050408",0.027,0,0.027
"PE050409",3.6942,3.6942,0
"PE050410",52.1795,0.0373,52.1422
"PE050411",1.3131,0,1.3131
"PE050412",60.1929,11.1959,48.997
"PE050501",25.2476,0,25.2476
"PE050502",18.7932,0,18.7932
"PE050503",4e-04,0,4e-04
"PE050504",43.2176,3.0753,40.1423
"PE050505",12.1309,0,12.1309
"PE050506",0.0727,0,0.0727
"PE050507",0,0,0
"PE050508",23.412,11.8581,11.5539
"PE050509",0.0232,0,0.0232
"PE050510",12.2168,0,12.2168
"PE050511",0.0234,0,0.0234
"PE050602",33.0667,0,33.0667
"PE050603",8.9445,0,8.9445
"PE050604",0.0111,0,0.0111
"PE050606",26.7184,0,26.7184
"PE050608",0,0,0
"PE050611",23.0129,0,23.0129
"PE050618",11.8291,0,11.8291
"PE050620",0,0,0
"PE050901",8.0089,0,8.0089
"PE050902",0,0,0
"PE050903",0,0,0
"PE050904",0,0,0
"PE050905",0,0,0
"PE050906",0,0,0
"PE050907",0,0,0
"PE050908",0,0,0
"PE050909",0,0,0
"PE050910",0,0,0
"PE050911",0,0,0
"PE051001",17.1391,0,17.1391
"PE051002",95.6908,0,95.6908
"PE051003",3.4633,0,3.4633
"PE051004",0,0,0
"PE051005",66.4203,0,66.4203
"PE051006",3.0756,0,3.0756
"PE051007",0.0251,0,0.0251
"PE051008",27.1457,0,27.1457
"PE051009",19.336,0,19.336
"PE051010",80.026,0,80.026
"PE051011",51.2884,0,51.2884
"PE051012",20.0742,0,20.0742
"PE051101",67.7325,6.5927,61.1398
"PE051102",83.7912,0,83.7912
"PE051103",17.3823,0.2142,17.1681
"PE051104",67.6059,0,67.6059
"PE051105",51.5374,0,51.5374
"PE051106",10.9104,0,10.9104
"PE051107",78.647,4.5193,74.1277
"PE051108",37.0044,0.0045,36.9999
"PE060101",4.44,0.3835,4.0565
"PE060105",10.3876,0,10.3876
"PE060106",4.1582,0,4.1582
"PE060107",0.0158,0,0.0158
"PE060108",0.0028,0,0.0028
"PE060110",0,0,0
"PE060111",36.2694,0,36.2694
"PE060201",33.6093,0,33.6093
"PE060202",1.2713,0.1397,1.1316
"PE060203",6.2017,0,6.2017
"PE060204",5.2373,0,5.2373
"PE060301",3.76,0,3.76
"PE060302",0,0,0
"PE060303",0,0,0
"PE060304",5.0399,0,5.0399
"PE060305",15.7156,0,15.7156
"PE060306",0,0,0
"PE060307",0,0,0
"PE060308",0.1948,0,0.1948
"PE060309",50.6703,0,50.6703
"PE060310",3.4505,0,3.4505
"PE060311",28.5462,0,28.5462
"PE060312",0,0,0
"PE060401",11.7545,0,11.7545
"PE060402",0,0,0
"PE060403",0,0,0
"PE060404",0.2042,0,0.2042
"PE060405",0,0,0
"PE060406",0,0,0
"PE060407",0.6759,0,0.6759
"PE060408",0.2033,0,0.2033
"PE060409",0.372,0,0.372
"PE060410",1.7386,0,1.7386
"PE060413",0,0,0
"PE060414",0,0,0
"PE060415",3.0284,0,3.0284
"PE060417",0,0,0
"PE060419",0,0,0
"PE060601",8.9383,0,8.9383
"PE060602",0,0,0
"PE060603",0,0,0
"PE060604",70.2179,0,70.2179
"PE060605",0,0,0
"PE060606",0,0,0
"PE060607",0.4439,0.4439,0
"PE060608",0,0,0
"PE060609",0.5674,0,0.5674
"PE060610",0,0,0
"PE060611",0,0,0
"PE060612",0.2359,0,0.2359
"PE060613",0.2671,0,0.2671
"PE060614",20.5286,0,20.5286
"PE060615",0,0,0
"PE060701",0,0,0
"PE060702",4.9047,0,4.9047
"PE060703",35.6682,0,35.6682
"PE060801",0,0,0
"PE060802",0.0393,0,0.0393
"PE060803",0.063,0,0.063
"PE060804",0,0,0
"PE060805",0,0,0
"PE060806",0,0,0
"PE060807",11.0895,0.2598,10.8297
"PE060808",0.836,0.836,0
"PE060809",37.3161,0,37.3161
"PE060810",49.4191,0,49.4191
"PE060811",0,0,0
"PE060812",77.8998,0,77.8998
"PE060901",0.3197,0,0.3197
"PE060902",45.5508,0,45.5508
"PE060903",57.8764,0,57.8764
"PE060904",0.6871,0,0.6871
"PE060905",0.363,0,0.363
"PE060906",63.4535,0,63.4535
"PE060907",32.0679,0,32.0679
"PE061001",18.0584,0,18.0584
"PE061002",0,0,0
"PE061003",0,0,0
"PE061004",0,0,0
"PE061005",0,0,0
"PE061006",4.7889,0,4.7889
"PE061007",3e-04,0,3e-04
"PE061104",1.1446,0,1.1446
"PE080101",58.1172,0.0306,58.0866
"PE080102",65.887,14.3842,51.5028
"PE080103",89.4196,0.2849,89.1347
"PE080104",55.9303,0,55.9303
"PE080105",68.3598,0,68.3598
"PE080106",78.1778,4.0053,74.1725
"PE080107",26.6008,0,26.6008
"PE080108",0,0,0
"PE080201",91.514,6.1429,85.3711
"PE080202",68.5296,0.4593,68.0703
"PE080203",83.8188,0,83.8188
"PE080204",61.0644,0,61.0644
"PE080205",95.8825,1.772,94.1105
"PE080206",89.1454,1.5266,87.6188
"PE080207",94.2463,8.3712,85.8751
"PE080301",82.8968,2.1988,80.698
"PE080302",91.0939,15.2282,75.8657
"PE080303",73.5645,25.8862,47.6783
"PE080304",34.1049,0.0139,34.091
"PE080305",84.8067,39.1967,45.61
"PE080306",58.9937,11.724,47.2697
"PE080307",0.1371,0.0141,0.123
"PE080308",81.5747,1.9485,79.6262
"PE080309",85.4156,1.9758,83.4398
"PE080401",53.755,0.0314,53.7236
"PE080402",87.374,0.147,87.227
"PE080403",82.5361,1.199,81.3371
"PE080404",46.9606,0.006,46.9546
"PE080405",86.1325,0,86.1325
"PE080406",39.4072,0,39.4072
"PE080407",86.7847,4.3405,82.4442
"PE080408",11.1089,2.1467,8.9622
"PE080501",95.1794,2.9679,92.2115
"PE080502",68.8306,11.1463,57.6843
"PE080503",41.023,1.1832,39.8398
"PE080504",62.3292,0.7078,61.6214
"PE080505",65.743,0,65.743
"PE080506",69.3781,1.36,68.0181
"PE080507",96.2432,0,96.2432
"PE080508",92.0872,0,92.0872
"PE080601",58.4805,4.3568,54.1237
"PE080602",26.0858,2.0252,24.0606
"PE080603",79.2992,10.9817,68.3175
"PE080604",40.8016,3.3535,37.4481
"PE080605",54.7645,0.0266,54.7379
"PE080606",35.8502,0.01,35.8402
"PE080607",94.4795,0,94.4795
"PE080608",97.6985,9.0362,88.6623
"PE080701",93.4496,19.8085,73.6411
"PE080702",83.0744,0,83.0744
"PE080703",48.0532,0,48.0532
"PE080704",66.3868,0.0226,66.3642
"PE080705",86.8475,0,86.8475
"PE080706",71.2944,2.1604,69.134
"PE080707",63.6919,0,63.6919
"PE080708",70.9544,0.2085,70.7459
"PE080801",58.8509,0.1232,58.7277
"PE080803",78.3726,1.0293,77.3433
"PE080804",59.7163,0,59.7163
"PE080805",52.0682,1.8618,50.2064
"PE080806",52.9217,0.2357,52.686
"PE080807",81.0528,0,81.0528
"PE080808",69.0084,31.9388,37.0696
"PE080901",0.0105,0,0.0105
"PE080902",25.5993,1.3143,24.285
"PE080903",0,0,0
"PE080904",0,0,0
"PE080905",16.3727,16.3034,0.0693
"PE080906",9.8312,0,9.8312
"PE080907",49.5958,0,49.5958
"PE080908",6.2752,0,6.2752
"PE080909",49.5753,0,49.5753
"PE080910",50.3952,0,50.3952
"PE080911",37.6734,0.6757,36.9977
"PE080912",68.5828,0,68.5828
"PE080913",80.6758,0.4714,80.2044
"PE080914",83.303,36.7181,46.5849
"PE081001",93.0696,2.3863,90.6833
"PE081002",74.9509,0,74.9509
"PE081003",82.7094,0,82.7094
"PE081004",76.9349,0.0229,76.912
"PE081005",67.4986,11.6781,55.8205
"PE081006",76.9887,0,76.9887
"PE081007",84.0009,8.2032,75.7977
"PE081008",83.0614,0,83.0614
"PE081009",82.4818,0,82.4818
"PE081101",41.0258,5.6222,35.4036
"PE081102",74.8266,9.5031,65.3235
"PE081103",20.0166,10.031,9.9856
"PE081104",85.5718,18.7728,66.799
"PE081105",70.8483,4.778,66.0703
"PE081106",20.7677,0.0231,20.7446
"PE081201",84.2726,1.3255,82.9471
"PE081202",44.03,0,44.03
"PE081203",35.8465,0,35.8465
"PE081204",45.2661,0,45.2661
"PE081205",86.2036,16.6103,69.5933
"PE081206",83.0732,0,83.0732
"PE081207",51.4628,5.9281,45.5347
"PE081208",34.0063,21.3594,12.6469
"PE081209",85.7507,0.1389,85.6118
"PE081210",93.2996,0.0118,93.2878
"PE081211",18.9085,0,18.9085
"PE081212",88.2216,5.455,82.7666
"PE081301",37.4659,1.2832,36.1827
"PE081302",77.9801,0,77.9801
"PE081303",63.255,13.6441,49.6109
"PE081304",0.0255,0.0255,0
"PE081305",69.963,22.4022,47.5608
"PE081306",30.6706,14.3103,16.3603
"PE081307",70.5977,1.7757,68.822
"PE090101",63.8651,0,63.8651
"PE090102",82.1984,0.0619,82.1365
"PE090103",82.3081,0,82.3081
"PE090104",92.5308,0,92.5308
"PE090105",50.4345,0,50.4345
"PE090106",82.9602,0,82.9602
"PE090107",86.6305,0,86.6305
"PE090108",45.6603,0,45.6603
"PE090109",98.6033,0,98.6033
"PE090110",96.2454,0,96.2454
"PE090111",89.3413,0,89.3413
"PE090112",10.1149,0,10.1149
"PE090113",98.6004,0,98.6004
"PE090114",98.4818,1.5455,96.9363
"PE090115",48.3515,0,48.3515
"PE090116",88.5248,0,88.5248
"PE090117",96.5488,0,96.5488
"PE090118",76.2598,0,76.2598
"PE090119",90.8177,0,90.8177
"PE090201",52.6979,0,52.6979
"PE090202",34.3583,0,34.3583
"PE090203",40.6818,0,40.6818
"PE090204",36.7229,0,36.7229
"PE090205",0.1669,0,0.1669
"PE090206",69.9962,0,69.9962
"PE090207",73.4628,0,73.4628
"PE090208",22.9393,0,22.9393
"PE090301",55.3593,0,55.3593
"PE090302",36.5585,0,36.5585
"PE090303",0.2681,0,0.2681
"PE090304",31.1599,0,31.1599
"PE090305",9.3029,0,9.3029
"PE090306",8.0235,0,8.0235
"PE090307",0.1803,0,0.1803
"PE090308",0,0,0
"PE090309",0,0,0
"PE090310",0.157,0,0.157
"PE090311",9.9903,0,9.9903
"PE090312",24.8907,0,24.8907
"PE090405",99.7335,0,99.7335
"PE090411",98.2257,0,98.2257
"PE090501",28.1448,0,28.1448
"PE090502",4.207,2.0622,2.1448
"PE090503",20.0972,0,20.0972
"PE090504",38.9718,0,38.9718
"PE090505",96.2796,0,96.2796
"PE090506",40.4105,0,40.4105
"PE090507",45.9,0,45.9
"PE090508",20.8667,0,20.8667
"PE090509",27.7027,0,27.7027
"PE090510",22.105,0,22.105
"PE090511",0.0716,0,0.0716
"PE090607",59.9529,0,59.9529
"PE090701",1.6793,0,1.6793
"PE090702",42.8091,0,42.8091
"PE090703",16.6588,0,16.6588
"PE090704",9.6301,0,9.6301
"PE090705",34.9256,0,34.9256
"PE090706",0.0258,0,0.0258
"PE090707",56.8304,0,56.8304
"PE090709",46.0541,7.6217,38.4324
"PE090710",11.3416,2.2109,9.1307
"PE090711",20.5565,1.945,18.6115
"PE090713",91.9839,0,91.9839
"PE090714",8.1658,1.3014,6.8644
"PE090715",0.0985,0.0797,0.0188
"PE090716",41.5128,0,41.5128
"PE090717",37.8704,11.3462,26.5242
"PE090718",87.6872,0.0024,87.6848
"PE090719",0.7324,0,0.7324
"PE090720",11.3046,0,11.3046
"PE090721",67.7839,0,67.7839
"PE090722",0.3829,0,0.3829
"PE090723",0.1856,0,0.1856
"PE100101",30.3291,3.129,27.2001
"PE100102",59.0182,0,59.0182
"PE100103",13.6818,0.5336,13.1482
"PE100104",67.2053,0.0018,67.2035
"PE100105",90.8956,0,90.8956
"PE100106",99.7139,3.0186,96.6953
"PE100107",83.0797,0.197,82.8827
"PE100108",98.3076,2.7705,95.5371
"PE100109",86.375,1.7221,84.6529
"PE100110",61.3102,12.6887,48.6215
"PE100111",50.2774,0,50.2774
"PE100112",80.7388,0,80.7388
"PE100113",98.0052,0,98.0052
"PE100201",55.1412,0,55.1412
"PE100202",97.8772,0,97.8772
"PE100203",97.3357,0,97.3357
"PE100204",28.6932,0,28.6932
"PE100205",92.8228,0,92.8228
"PE100206",87.2291,0,87.2291
"PE100207",72.5006,0,72.5006
"PE100301",79.5945,0,79.5945
"PE100307",99.7759,32.9217,66.8542
"PE100311",94.64,0.0512,94.5888
"PE100313",95.9481,0.003,95.9451
"PE100316",75.4776,0,75.4776
"PE100317",89.8234,0,89.8234
"PE100321",99.9477,0,99.9477
"PE100322",99.2112,0,99.2112
"PE100323",96.2328,0.0161,96.2167
"PE100401",0.1175,0,0.1175
"PE100402",47.7484,0,47.7484
"PE100403",1.7324,0,1.7324
"PE100404",0.2885,0,0.2885
"PE100501",38.7759,0,38.7759
"PE100502",0.6035,0,0.6035
"PE100503",99.3368,0,99.3368
"PE100504",99.8094,0,99.8094
"PE100505",98.9846,0,98.9846
"PE100506",19.9975,0,19.9975
"PE100507",8.3682,0,8.3682
"PE100508",99.9827,0,99.9827
"PE100509",99.1198,0,99.1198
"PE100510",13.2932,0,13.2932
"PE100511",57.0479,0,57.0479
"PE100601",0,0,0
"PE100602",4.5169,4.5169,0
"PE100603",0,0,0
"PE100604",0,0,0
"PE100605",0,0,0
"PE100606",0.2524,0,0.2524
"PE100607",0,0,0
"PE100608",0,0,0
"PE100609",0,0,0
"PE100610",0,0,0
"PE100701",27.6798,2.4274,25.2524
"PE100702",18.0119,0.875,17.1369
"PE100703",66.2989,0,66.2989
"PE100704",0,0,0
"PE100705",0.0193,0,0.0193
"PE100801",4.3503,0,4.3503
"PE100802",22.0066,0,22.0066
"PE100803",1.8407,0,1.8407
"PE100804",11.516,0,11.516
"PE100901",22.4385,3.337,19.1015
"PE100902",30.6983,22.1009,8.5974
"PE100903",1.7772,1.2211,0.5561
"PE100904",21.6741,0,21.6741
"PE100905",16.4044,0,16.4044
"PE101001",13.47,5.369,8.101
"PE101002",1.0546,0.0833,0.9713
"PE101003",79.4238,0.8284,78.5954
"PE101004",89.2216,0,89.2216
"PE101005",45.4823,0,45.4823
"PE101006",99.5202,0,99.5202
"PE101007",78.7738,0.6007,78.1731
"PE101101",92.63,0,92.63
"PE101102",92.1084,0,92.1084
"PE101103",96.3692,0,96.3692
"PE101104",97.4798,0,97.4798
"PE101105",99.6223,0,99.6223
"PE101106",30.1517,0,30.1517
"PE101107",50.5242,0,50.5242
"PE101108",99.471,0,99.471
"PE120101",9.1169,0.6059,8.511
"PE120104",0.1531,0,0.1531
"PE120105",24.6566,0,24.6566
"PE120106",32.3274,0,32.3274
"PE120107",69.3304,0,69.3304
"PE120108",30.5714,8.3121,22.2593
"PE120111",3.8438,0,3.8438
"PE120112",33.3484,0,33.3484
"PE120113",48.8761,0,48.8761
"PE120114",2.4084,0.2355,2.1729
"PE120116",9.1366,0,9.1366
"PE120117",81.9298,0,81.9298
"PE120119",34.3091,0,34.3091
"PE120120",92.0818,0,92.0818
"PE120121",88.1564,0,88.1564
"PE120122",3.3547,0,3.3547
"PE120124",8.711,0,8.711
"PE120125",93.413,0,93.413
"PE120126",54.2339,0,54.2339
"PE120127",55.2135,0,55.2135
"PE120128",10.4361,0,10.4361
"PE120129",70.1884,0,70.1884
"PE120130",96.2712,0,96.2712
"PE120132",89.3384,0,89.3384
"PE120133",81.1784,0,81.1784
"PE120134",87.1736,0,87.1736
"PE120135",6.5915,0,6.5915
"PE120136",15.4326,0,15.4326
"PE120201",25.6345,0,25.6345
"PE120202",88.1466,0,88.1466
"PE120203",30.3243,0,30.3243
"PE120204",11.9319,0,11.9319
"PE120205",9.1707,0,9.1707
"PE120206",8.4494,0,8.4494
"PE120207",18.87,0,18.87
"PE120208",72.1928,0,72.1928
"PE120209",14.7963,0,14.7963
"PE120210",93.3667,0,93.3667
"PE120211",17.2891,0,17.2891
"PE120212",46.3779,0,46.3779
"PE120213",38.8968,0,38.8968
"PE120214",4.5716,0,4.5716
"PE120215",68.9353,0,68.9353
"PE120301",1.8498,0,1.8498
"PE120302",8.971,0,8.971
"PE120303",11.4731,0,11.4731
"PE120304",0.6172,0,0.6172
"PE120305",14.32,0,14.32
"PE120306",0.5479,0,0.5479
"PE120401",21.2291,0,21.2291
"PE120402",44.2064,0,44.2064
"PE120403",20.4999,0,20.4999
"PE120404",5.8612,0,5.8612
"PE120405",8.4062,0,8.4062
"PE120406",0,0,0
"PE120407",0.936,0,0.936
"PE120408",45.7361,0,45.7361
"PE120409",85.1168,0,85.1168
"PE120410",85.3242,0,85.3242
"PE120411",0,0,0
"PE120412",1.3006,0,1.3006
"PE120413",89.8376,0,89.8376
"PE120414",6.4414,0,6.4414
"PE120415",13.8933,0,13.8933
"PE120416",95.1397,0,95.1397
"PE120417",1.128,0,1.128
"PE120418",17.8958,0,17.8958
"PE120419",14.4561,0,14.4561
"PE120420",92.0077,0,92.0077
"PE120421",92.4262,0,92.4262
"PE120422",34.3356,0,34.3356
"PE120423",15.8159,0,15.8159
"PE120424",31.0305,0,31.0305
"PE120425",54.2323,0,54.2323
"PE120426",0.9287,0,0.9287
"PE120427",71.9827,0,71.9827
"PE120428",47.6242,0,47.6242
"PE120429",99.7698,0,99.7698
"PE120430",82.8596,0,82.8596
"PE120431",45.7618,0,45.7618
"PE120432",2.2717,0,2.2717
"PE120433",83.0897,0,83.0897
"PE120434",72.3634,0,72.3634
"PE120501",0.0761,0,0.0761
"PE120504",1.9963,0,1.9963
"PE120601",21.0633,2.4778,18.5855
"PE120602",2.3583,0,2.3583
"PE120603",2.6057,0,2.6057
"PE120605",1.9093,0,1.9093
"PE120607",14.4925,0.0909,14.4016
"PE120608",52.4157,5.4551,46.9606
"PE120609",7.2697,0,7.2697
"PE120699",55.9316,10.6972,45.2344
"PE120701",3.2943,0,3.2943
"PE120702",30.2695,0,30.2695
"PE120703",11.8319,0,11.8319
"PE120704",2.4873,0,2.4873
"PE120705",25.9966,0,25.9966
"PE120706",44.9916,0,44.9916
"PE120707",14.0024,0,14.0024
"PE120708",59.3312,0,59.3312
"PE120709",20.2252,0,20.2252
"PE120801",1.644,0,1.644
"PE120802",0.6846,0,0.6846
"PE120803",78.7215,0,78.7215
"PE120804",0,0,0
"PE120805",0.4447,0,0.4447
"PE120806",0.2686,0,0.2686
"PE120807",10.6252,0,10.6252
"PE120808",82.5287,0,82.5287
"PE120809",78.5932,0,78.5932
"PE120810",57.3725,0,57.3725
"PE120901",0.5208,0,0.5208
"PE120902",11.8487,0,11.8487
"PE120903",34.8556,0,34.8556
"PE120904",31.1163,0,31.1163
"PE120905",0.6004,0,0.6004
"PE120906",7.5674,0,7.5674
"PE120907",15.7437,0,15.7437
"PE120908",18.3724,0,18.3724
"PE120909",36.1801,0,36.1801
"PE130301",7.2615,0,7.2615
"PE130302",93.75,0,93.75
"PE130303",54.9038,0,54.9038
"PE130304",0.5441,0,0.5441
"PE130305",1.9087,0,1.9087
"PE130306",0,0,0
"PE130801",57.4852,0,57.4852
"PE130802",6.7007,0,6.7007
"PE130803",31.3152,0,31.3152
"PE130804",4.1442,0,4.1442
"PE130805",3.8794,0,3.8794
"PE130806",32.3061,0,32.3061
"PE130807",27.0561,0,27.0561
"PE130808",16.9982,0,16.9982
"PE130809",25.2346,0,25.2346
"PE130810",24.8983,0,24.8983
"PE130811",13.2715,0,13.2715
"PE130812",7.9051,0,7.9051
"PE130813",0.1302,0,0.1302
"PE130901",16.5244,0,16.5244
"PE130902",12.0062,0,12.0062
"PE130903",0.2605,0,0.2605
"PE130904",27.6634,0,27.6634
"PE130905",35.4501,0,35.4501
"PE130906",62.4875,0,62.4875
"PE130907",3e-04,0,3e-04
"PE130908",41.4466,0,41.4466
"PE131003",0,0,0
"PE131008",13.5394,0,13.5394
"PE131104",0,0,0
"PE140202",85.8872,68.0343,17.8529
"PE140203",15.0774,2.3504,12.727
"PE140310",96.767,0,96.767
"PE150705",0,0,0
"PE150722",6e-04,0,6e-04
"PE151014",0,0,0
"PE151016",99.9676,71.5828,28.3848
"PE151018",100,1.5277,98.4723
"PE151028",0,0,0
"PE151030",91.4219,0,91.4219
"PE160101",6.6116,4.1234,2.4882
"PE160102",17.644,0.3145,17.3295
"PE160103",34.9754,27.4586,7.5168
"PE160104",13.4814,9.1553,4.3261
"PE160105",29.1042,14.7942,14.31
"PE160106",7.443,0.3773,7.0657
"PE160107",47.0783,25.8446,21.2337
"PE160108",4.1034,0.6404,3.463
"PE160110",69.5268,24.0888,45.438
"PE160112",14.852,0,14.852
"PE160113",4.8013,1.4704,3.3309
"PE160201",4.833,0.2251,4.6079
"PE160202",56.8983,0,56.8983
"PE160205",30.4877,0,30.4877
"PE160206",54.2183,1.739,52.4793
"PE160210",37.8104,0,37.8104
"PE160211",6.1081,0.4652,5.6429
"PE160301",35.8883,0.9285,34.9598
"PE160302",9.8141,5.3386,4.4755
"PE160303",57.8439,13.1053,44.7386
"PE160304",83.2549,0,83.2549
"PE160305",38.2552,0.5992,37.656
"PE160401",16.8352,0.8131,16.0221
"PE160402",21.6941,5.2948,16.3993
"PE160403",80.8122,77.422,3.3902
"PE160404",11.6879,1.5812,10.1067
"PE160501",28.8684,9.2775,19.5909
"PE160502",76.436,56.7082,19.7278
"PE160503",39.1553,0,39.1553
"PE160504",15.4358,3.3186,12.1172
"PE160505",33.2477,23.9729,9.2748
"PE160506",4.0087,2.8959,1.1128
"PE160507",12.0952,8.1677,3.9275
"PE160508",71.1594,48.0073,23.1521
"PE160509",20.1996,8.1154,12.0842
"PE160510",13.8329,0,13.8329
"PE160511",75.9461,31.3128,44.6333
"PE160601",36.7315,14.7991,21.9324
"PE160602",5.0867,0,5.0867
"PE160603",60.1123,24.0449,36.0674
"PE160604",0.9747,0.2895,0.6852
"PE160605",2.4259,0.7116,1.7143
"PE160606",26.6148,12.9801,13.6347
"PE160701",54.8029,1.5408,53.2621
"PE160702",57.5633,0,57.5633
"PE160703",45.9713,1.6233,44.348
"PE160704",30.5974,1.2991,29.2983
"PE160705",27.417,1.1301,26.2869
"PE160706",65.9365,0,65.9365
"PE160801",20.6723,0.4006,20.2717
"PE160802",24.7073,0,24.7073
"PE160803",33.0282,0.0052,33.023
"PE160804",13.4826,1.9356,11.547
"PE170101",28.0643,24.3359,3.7284
"PE170102",7.1579,0,7.1579
"PE170103",9.8681,6.7467,3.1214
"PE170104",19.3022,10.4551,8.8471
"PE170201",4.9974,0,4.9974
"PE170202",14.622,10.7653,3.8567
"PE170203",20.8491,7.977,12.8721
"PE170204",9.2466,0,9.2466
"PE170301",16.2595,12.1575,4.102
"PE170302",0,0,0
"PE170303",0,0,0
"PE190102",80.5416,0,80.5416
"PE190103",99.9528,0,99.9528
"PE190105",23.0771,0,23.0771
"PE190106",93.0135,0,93.0135
"PE190107",84.6514,0,84.6514
"PE190108",94.1435,0,94.1435
"PE190109",99.4126,0,99.4126
"PE190110",79.6626,0,79.6626
"PE190113",74.4997,0,74.4997
"PE190201",99.594,0,99.594
"PE190202",99.4215,23.0315,76.39
"PE190203",100,0,100
"PE190204",80.3114,0.2948,80.0166
"PE190205",37.3753,0,37.3753
"PE190206",87.4502,1.4815,85.9687
"PE190207",98.2949,0,98.2949
"PE190208",100,0,100
"PE190301",1.5634,0,1.5634
"PE190302",5.4319,0,5.4319
"PE190303",5.8885,0,5.8885
"PE190304",14.3348,0.2839,14.0509
"PE190305",12.5047,0,12.5047
"PE190306",45.5146,9.2027,36.3119
"PE190307",25.0269,7.6513,17.3756
"PE190308",48.793,1.6474,47.1456
"PE200201",0,0,0
"PE200206",0.1827,0,0.1827
"PE200301",26.8175,0,26.8175
"PE200302",0.1585,0,0.1585
"PE200303",71.0872,0,71.0872
"PE200304",40.4348,0,40.4348
"PE200306",1.2067,0,1.2067
"PE200307",78.4253,0,78.4253
"PE200308",58.9167,0,58.9167
"PE210301",51.8917,0,51.8917
"PE210302",1.6361,0,1.6361
"PE210303",33.9335,0,33.9335
"PE210304",10.4089,0,10.4089
"PE210305",72.5962,0,72.5962
"PE210307",71.1188,0,71.1188
"PE210308",95.7768,0,95.7768
"PE210309",28.5044,0,28.5044
"PE210310",42.3986,0,42.3986
"PE210806",0.3847,0,0.3847
"PE211005",52.2841,0,52.2841
"PE211201",61.07,0,61.07
"PE211203",10.5364,0,10.5364
"PE211204",96.982,0,96.982
"PE211205",98.2767,0,98.2767
"PE211206",69.2894,0,69.2894
"PE211207",0,0,0
"PE211208",0.7231,0,0.7231
"PE211209",7.4687,0,7.4687
"PE211210",0,0,0
"PE220101",48.949,0.0556,48.8934
"PE220102",0,0,0
"PE220103",0,0,0
"PE220104",0,0,0
"PE220105",0,0,0
"PE220106",0,0,0
"PE220201",0,0,0
"PE220202",0,0,0
"PE220203",0,0,0
"PE220204",0,0,0
"PE220205",0,0,0
"PE220206",0,0,0
"PE220301",12.0399,7.8733,4.1666
"PE220302",2.7772,0,2.7772
"PE220303",0.0333,0,0.0333
"PE220304",0.0273,0,0.0273
"PE220305",6.7488,0,6.7488
"PE220401",0,0,0
"PE220402",7.9508,1.0738,6.877
"PE220403",0,0,0
"PE220404",0,0,0
"PE220405",0,0,0
"PE220406",0,0,0
"PE220501",9.0362,2.1871,6.8491
"PE220502",0,0,0
"PE220503",16.2779,16.2779,0
"PE220504",20.9661,5.9692,14.9969
"PE220505",0,0,0
"PE220506",6.3507,0,6.3507
"PE220507",0.1327,0,0.1327
"PE220508",71.213,0.9772,70.2358
"PE220509",0,0,0
"PE220510",8.7878,0,8.7878
"PE220511",2.4895,0,2.4895
"PE220601",0,0,0
"PE220602",0,0,0
"PE220603",9.5825,0,9.5825
"PE220604",0,0,0
"PE220605",0,0,0
"PE220701",0,0,0
"PE220702",0,0,0
"PE220703",0,0,0
"PE220704",0,0,0
"PE220705",0,0,0
"PE220706",0,0,0
"PE220707",0,0,0
"PE220708",1.6001,1.6001,0
"PE220709",0,0,0
"PE220710",0,0,0
"PE220801",0,0,0
"PE220802",41.8969,0,41.8969
"PE220803",0,0,0
"PE220804",0.8047,0,0.8047
"PE220805",8.627,0,8.627
"PE220806",0,0,0
"PE220807",0.0044,0,0.0044
"PE220808",0,0,0
"PE220809",0,0,0
"PE220901",0,0,0
"PE220902",0,0,0
"PE220903",0,0,0
"PE220904",6.3101,0.0013,6.3088
"PE220905",0,0,0
"PE220906",4.3731,4.3731,0
"PE220907",13.5324,13.5017,0.0307
"PE220908",0,0,0
"PE220909",0.1038,0.1038,0
"PE220910",0,0,0
"PE220911",49.5576,49.5575,1e-04
"PE220912",17.2797,17.2797,0
"PE220913",0,0,0
"PE220914",6.9592,0,6.9592
"PE221001",0,0,0
"PE221002",0,0,0
"PE221003",0,0,0
"PE221004",17.6075,0,17.6075
"PE221005",0,0,0
"PE250101",53.2438,43.0535,10.1903
"PE250102",1.2329,0,1.2329
"PE250103",60.8501,18.505,42.3451
"PE250104",19.8703,6.857,13.0133
"PE250105",12.0671,5.0707,6.9964
"PE250106",3.9221,0.6441,3.278
"PE250107",28.1371,3.5594,24.5777
"PE250201",69.4348,32.4615,36.9733
"PE250202",42.1859,26.9827,15.2032
"PE250203",74.0447,26.8511,47.1936
"PE250204",81.2913,51.1205,30.1708
"PE250301",38.8296,21.8948,16.9348
"PE250302",42.6375,1.4262,41.2113
"PE250303",12.8903,8.044,4.8463
"PE250304",1.1537,0,1.1537
"PE250305",0,0,0
"PE250401",62.96,44.1799,18.7801
"SR",0,0,0
"VE020102",99.0364,99.0364,0
"VE020103",100,99.621,0.379
"VE020104",99.491,99.1676,0.3234
"VE020105",100,97.4334,2.5666
"VE020201",89.0475,89.0475,0
"VE020202",41.6961,41.6961,0
"VE020203",33.0022,33.0022,0
"VE020301",100,100,0
"VE020303",100,100,0
"VE020401",99.9859,99.9859,0
"VE020402",100,100,0
"VE020403",96.4527,96.4527,0
"VE020404",99.6018,99.6018,0
"VE020502",29.021,29.0207,3e-04
"VE020601",100,99.444,0.556
"VE020602",85.2564,76.004,9.2524
"VE020603",49.2562,49.2562,0
"VE020701",66.1406,64.3173,1.8233
"VE020702",33.7342,33.7342,0
"VE020703",26.4216,23.8702,2.5514
"VE070102",0,0,0
"VE070103",0,0,0
"VE070104",0,0,0
"VE070105",0,0,0
"VE070107",0,0,0
"VE070108",0,0,0
"VE070109",0,0,0
"VE070110",0,0,0
"VE070201",92.2596,92.2596,0
"VE070203",52.8837,52.6303,0.2534
"VE070204",73.7471,73.7471,0
"VE070205",89.8242,89.5306,0.2936
"VE070206",86.9692,58.8405,28.1287
"VE070301",3.2759,3.2759,0
"VE070401",99.7805,99.4594,0.3211
"VE070402",99.0447,10.6371,88.4076
"VE070601",0,0,0
"VE070602",0,0,0
"VE070603",42.199,42.199,0
"VE070702",92.2718,88.8171,3.4547
"VE070703",29.1355,29.1355,0
"VE070801",0,0,0
"VE070802",0,0,0
"VE070901",26.6156,26.6156,0
"VE070902",60.4055,60.4055,0
"VE070903",95.7163,95.2048,0.5115
"VE071001",43.5971,43.5971,0
"VE071002",89.3083,88.749,0.5593
"VE071003",0,0,0
"VE071004",0,0,0
"VE071005",22.6055,20.1444,2.4611
"VE071101",0.8179,0.8179,0
"VE100101",40.5196,38.7804,1.7392
"VE100102",37.0876,37.0876,0
"VE100103",54.6262,52.1165,2.5097
"VE100201",9.4364,9.4364,0
"VE100202",0,0,0
"VE100203",83.2249,83.2249,0
"VE100204",0,0,0
"VE100205",97.9684,97.9684,0
